{
  "uuid": "cfe276bd-09b3-384e-928d-ad9854f06994",
  "starterPrompted": true,
  "starterLocked": false,
  "starterSelected": true,
  "starterUUID": "875409d7-c9d3-4c4f-b269-07c6ad94705c",
  "keyItems": [],
  "battleTheme": "cobblemon:battle.pvp.default",
  "extraData": {},
  "advancementData": {
    "totalCaptureCount": 27,
    "totalEggsHatched": 0,
    "totalEvolvedCount": 9,
    "totalBattleVictoryCount": 48,
    "totalPvPBattleVictoryCount": 2,
    "totalPvWBattleVictoryCount": 44,
    "totalPvNBattleVictoryCount": 2,
    "totalShinyCaptureCount": 0,
    "totalTradedCount": 1,
    "totalTypeCaptureCounts": {
      "flying": 4,
      "electric": 2,
      "ghost": 4,
      "poison": 2,
      "bug": 4,
      "rock": 1,
      "grass": 4,
      "steel": 1,
      "fighting": 2,
      "normal": 5,
      "ground": 1,
      "fairy": 2,
      "dark": 1,
      "water": 4,
      "psychic": 2,
      "dragon": 1
    },
    "totalDefeatedCounts": {
      "cobblemon:taillow": 1,
      "cobblemon:nincada": 1,
      "cobblemon:pidgey": 2,
      "cobblemon:zubat": 1,
      "cobblemon:rattata": 1,
      "cobblemon:swellow": 1,
      "cobblemon:cottonee": 1,
      "cobblemon:wooloo": 1,
      "cobblemon:snorunt": 1,
      "cobblemon:beedrill": 1,
      "cobblemon:impidimp": 1,
      "cobblemon:bunnelby": 1,
      "cobblemon:zigzagoon": 1,
      "cobblemon:psyduck": 1,
      "cobblemon:farfetchd": 1,
      "cobblemon:linoone": 1
    },
    "aspectsCollected": {}
  }
}