{
  "uuid": "cfe276bd-09b3-384e-928d-ad9854f06994",
  "starterPrompted": true,
  "starterLocked": false,
  "starterSelected": true,
  "starterUUID": "875409d7-c9d3-4c4f-b269-07c6ad94705c",
  "keyItems": [],
  "battleTheme": "cobblemon:battle.pvp.default",
  "extraData": {},
  "advancementData": {
    "totalCaptureCount": 5,
    "totalEggsHatched": 0,
    "totalEvolvedCount": 0,
    "totalBattleVictoryCount": 10,
    "totalPvPBattleVictoryCount": 1,
    "totalPvWBattleVictoryCount": 9,
    "totalPvNBattleVictoryCount": 0,
    "totalShinyCaptureCount": 0,
    "totalTradedCount": 0,
    "totalTypeCaptureCounts": {
      "flying": 1,
      "electric": 2,
      "ghost": 1,
      "poison": 1,
      "bug": 1,
      "rock": 1
    },
    "totalDefeatedCounts": {
      "cobblemon:taillow": 1,
      "cobblemon:nincada": 1,
      "cobblemon:pidgey": 1,
      "cobblemon:zubat": 1
    },
    "aspectsCollected": {}
  }
}