{
  "uuid": "cfe276bd-09b3-384e-928d-ad9854f06994",
  "starterPrompted": true,
  "starterLocked": false,
  "starterSelected": true,
  "starterUUID": "875409d7-c9d3-4c4f-b269-07c6ad94705c",
  "keyItems": [],
  "battleTheme": "cobblemon:battle.pvp.default",
  "extraData": {},
  "advancementData": {
    "totalCaptureCount": 11,
    "totalEggsHatched": 0,
    "totalEvolvedCount": 2,
    "totalBattleVictoryCount": 21,
    "totalPvPBattleVictoryCount": 1,
    "totalPvWBattleVictoryCount": 19,
    "totalPvNBattleVictoryCount": 1,
    "totalShinyCaptureCount": 0,
    "totalTradedCount": 0,
    "totalTypeCaptureCounts": {
      "flying": 2,
      "electric": 2,
      "ghost": 3,
      "poison": 1,
      "bug": 2,
      "rock": 1,
      "grass": 1,
      "steel": 1,
      "fighting": 1,
      "normal": 1,
      "ground": 1
    },
    "totalDefeatedCounts": {
      "cobblemon:taillow": 1,
      "cobblemon:nincada": 1,
      "cobblemon:pidgey": 1,
      "cobblemon:zubat": 1,
      "cobblemon:rattata": 1,
      "cobblemon:swellow": 1,
      "cobblemon:cottonee": 1,
      "cobblemon:wooloo": 1
    },
    "aspectsCollected": {}
  }
}