{
  "uuid": "cfe276bd-09b3-384e-928d-ad9854f06994",
  "starterPrompted": true,
  "starterLocked": false,
  "starterSelected": true,
  "starterUUID": "875409d7-c9d3-4c4f-b269-07c6ad94705c",
  "keyItems": [],
  "battleTheme": "cobblemon:battle.pvp.default",
  "extraData": {},
  "advancementData": {
    "totalCaptureCount": 58,
    "totalEggsHatched": 0,
    "totalEvolvedCount": 16,
    "totalBattleVictoryCount": 113,
    "totalPvPBattleVictoryCount": 2,
    "totalPvWBattleVictoryCount": 108,
    "totalPvNBattleVictoryCount": 3,
    "totalShinyCaptureCount": 0,
    "totalTradedCount": 6,
    "totalTypeCaptureCounts": {
      "flying": 13,
      "electric": 3,
      "ghost": 6,
      "poison": 3,
      "bug": 9,
      "rock": 2,
      "grass": 7,
      "steel": 4,
      "fighting": 4,
      "normal": 11,
      "ground": 3,
      "fairy": 5,
      "dark": 1,
      "water": 7,
      "psychic": 3,
      "dragon": 2,
      "fire": 6
    },
    "totalDefeatedCounts": {
      "cobblemon:taillow": 1,
      "cobblemon:nincada": 1,
      "cobblemon:pidgey": 3,
      "cobblemon:zubat": 1,
      "cobblemon:rattata": 1,
      "cobblemon:swellow": 1,
      "cobblemon:cottonee": 1,
      "cobblemon:wooloo": 2,
      "cobblemon:snorunt": 1,
      "cobblemon:beedrill": 1,
      "cobblemon:impidimp": 1,
      "cobblemon:bunnelby": 2,
      "cobblemon:zigzagoon": 2,
      "cobblemon:psyduck": 2,
      "cobblemon:farfetchd": 1,
      "cobblemon:linoone": 1,
      "cobblemon:krabby": 1,
      "cobblemon:slowpoke": 1,
      "cobblemon:gloom": 2,
      "cobblemon:crabrawler": 2,
      "cobblemon:kingler": 1,
      "cobblemon:frillish": 4,
      "cobblemon:furret": 1,
      "cobblemon:lilligant": 1,
      "cobblemon:gossifleur": 1,
      "cobblemon:butterfree": 1,
      "cobblemon:mareep": 2,
      "cobblemon:stonjourner": 1,
      "cobblemon:wimpod": 1,
      "cobblemon:gimmighoul": 3,
      "cobblemon:shroomish": 1,
      "cobblemon:gastly": 1,
      "cobblemon:bouffalant": 1,
      "cobblemon:flabebe": 1,
      "cobblemon:cloyster": 1,
      "cobblemon:pelipper": 1,
      "cobblemon:wingull": 1
    },
    "aspectsCollected": {}
  }
}