{
  "uuid": "28dc3504-fb44-3a0c-a21b-51bc74e47335",
  "starterPrompted": true,
  "starterLocked": false,
  "starterSelected": true,
  "starterUUID": "ebc64309-355e-4ffb-bcef-4ca427b8e675",
  "keyItems": [],
  "battleTheme": "cobblemon:battle.pvp.default",
  "extraData": {},
  "advancementData": {
    "totalCaptureCount": 14,
    "totalEggsHatched": 0,
    "totalEvolvedCount": 7,
    "totalBattleVictoryCount": 66,
    "totalPvPBattleVictoryCount": 2,
    "totalPvWBattleVictoryCount": 62,
    "totalPvNBattleVictoryCount": 2,
    "totalShinyCaptureCount": 0,
    "totalTradedCount": 4,
    "totalTypeCaptureCounts": {
      "fire": 2,
      "electric": 1,
      "ghost": 1,
      "poison": 1,
      "normal": 4,
      "flying": 3,
      "grass": 1,
      "psychic": 1,
      "fairy": 3,
      "dark": 1,
      "fighting": 1,
      "ice": 1,
      "steel": 1
    },
    "totalDefeatedCounts": {
      "cobblemon:snorunt": 1,
      "cobblemon:gastly": 2,
      "cobblemon:roggenrola": 1,
      "cobblemon:geodude": 2,
      "cobblemon:fletchling": 1,
      "cobblemon:caterpie": 1,
      "cobblemon:buneary": 2,
      "cobblemon:rookidee": 1,
      "cobblemon:maschiff": 3,
      "cobblemon:fomantis": 1,
      "cobblemon:zigzagoon": 2,
      "cobblemon:snubbull": 1,
      "cobblemon:meowth": 1,
      "cobblemon:stonjourner": 3,
      "cobblemon:mudbray": 1,
      "cobblemon:ursaring": 1,
      "cobblemon:deerling": 1,
      "cobblemon:vivillon": 1,
      "cobblemon:shroomish": 1,
      "cobblemon:zubat": 1,
      "cobblemon:weedle": 2,
      "cobblemon:bidoof": 1,
      "cobblemon:magikarp": 1,
      "cobblemon:sharpedo": 1,
      "cobblemon:bunnelby": 1,
      "cobblemon:watchog": 1,
      "cobblemon:diggersby": 2,
      "cobblemon:ekans": 1,
      "cobblemon:lillipup": 1,
      "cobblemon:sentret": 1,
      "cobblemon:butterfree": 1,
      "cobblemon:roserade": 1,
      "cobblemon:mareep": 1,
      "cobblemon:taillow": 1,
      "cobblemon:pidgey": 1,
      "cobblemon:squawkabilly": 1,
      "cobblemon:yamper": 1,
      "cobblemon:goldeen": 1
    },
    "aspectsCollected": {}
  }
}