{
  "uuid": "28dc3504-fb44-3a0c-a21b-51bc74e47335",
  "starterPrompted": true,
  "starterLocked": false,
  "starterSelected": true,
  "starterUUID": "ebc64309-355e-4ffb-bcef-4ca427b8e675",
  "keyItems": [],
  "battleTheme": "cobblemon:battle.pvp.default",
  "extraData": {},
  "advancementData": {
    "totalCaptureCount": 4,
    "totalEggsHatched": 0,
    "totalEvolvedCount": 1,
    "totalBattleVictoryCount": 14,
    "totalPvPBattleVictoryCount": 0,
    "totalPvWBattleVictoryCount": 14,
    "totalPvNBattleVictoryCount": 0,
    "totalShinyCaptureCount": 0,
    "totalTradedCount": 0,
    "totalTypeCaptureCounts": {
      "fire": 1,
      "electric": 1,
      "ghost": 1,
      "poison": 1,
      "normal": 1
    },
    "totalDefeatedCounts": {
      "cobblemon:snorunt": 1,
      "cobblemon:gastly": 1,
      "cobblemon:roggenrola": 1,
      "cobblemon:geodude": 1,
      "cobblemon:fletchling": 1,
      "cobblemon:caterpie": 1,
      "cobblemon:buneary": 2,
      "cobblemon:rookidee": 1,
      "cobblemon:maschiff": 1
    },
    "aspectsCollected": {}
  }
}