{
  "uuid": "28dc3504-fb44-3a0c-a21b-51bc74e47335",
  "starterPrompted": true,
  "starterLocked": false,
  "starterSelected": true,
  "starterUUID": "ebc64309-355e-4ffb-bcef-4ca427b8e675",
  "keyItems": [],
  "battleTheme": "cobblemon:battle.pvp.default",
  "extraData": {},
  "advancementData": {
    "totalCaptureCount": 8,
    "totalEggsHatched": 0,
    "totalEvolvedCount": 4,
    "totalBattleVictoryCount": 39,
    "totalPvPBattleVictoryCount": 2,
    "totalPvWBattleVictoryCount": 35,
    "totalPvNBattleVictoryCount": 2,
    "totalShinyCaptureCount": 0,
    "totalTradedCount": 1,
    "totalTypeCaptureCounts": {
      "fire": 1,
      "electric": 1,
      "ghost": 1,
      "poison": 1,
      "normal": 2,
      "flying": 2,
      "grass": 1,
      "psychic": 1,
      "fairy": 1,
      "dark": 1
    },
    "totalDefeatedCounts": {
      "cobblemon:snorunt": 1,
      "cobblemon:gastly": 1,
      "cobblemon:roggenrola": 1,
      "cobblemon:geodude": 1,
      "cobblemon:fletchling": 1,
      "cobblemon:caterpie": 1,
      "cobblemon:buneary": 2,
      "cobblemon:rookidee": 1,
      "cobblemon:maschiff": 3,
      "cobblemon:fomantis": 1,
      "cobblemon:zigzagoon": 1,
      "cobblemon:snubbull": 1,
      "cobblemon:meowth": 1,
      "cobblemon:stonjourner": 2,
      "cobblemon:mudbray": 1,
      "cobblemon:ursaring": 1,
      "cobblemon:deerling": 1,
      "cobblemon:vivillon": 1,
      "cobblemon:shroomish": 1,
      "cobblemon:zubat": 1,
      "cobblemon:weedle": 1,
      "cobblemon:bidoof": 1,
      "cobblemon:magikarp": 1
    },
    "aspectsCollected": {}
  }
}