{"stats":{"minecraft:custom":{"minecraft:jump":59,"minecraft:open_chest":4,"minecraft:time_since_rest":2291,"lootr:looted_stat":1,"minecraft:damage_dealt":27,"minecraft:crouch_one_cm":1082,"minecraft:sprint_one_cm":13775,"minecraft:leave_game":6,"minecraft:play_time":11358,"minecraft:damage_taken":10,"minecraft:time_since_death":11358,"minecraft:walk_one_cm":9589,"minecraft:sleep_in_bed":3,"minecraft:sneak_time":236,"minecraft:total_world_time":11358,"minecraft:interact_with_crafting_table":1,"minecraft:fall_one_cm":544,"minecraft:fly_one_cm":5909},"minecraft:picked_up":{"biomesoplenty:tall_lavender":1},"minecraft:mined":{"biomesoplenty:tall_lavender":1},"minecraft:used":{"minecraft:beetroot":2}},"DataVersion":3465}