{"stats":{"minecraft:broken":{"minecraft:stone_pickaxe":1},"minecraft:killed_by":{"minecraft:player":1,"minecraft:enderman":4},"minecraft:custom":{"lootr:looted_stat":5,"minecraft:mob_kills":3,"minecraft:interact_with_crafting_table":34,"minecraft:leave_game":7,"minecraft:time_since_death":40338,"minecraft:climb_one_cm":2932,"minecraft:sprint_one_cm":536466,"minecraft:walk_one_cm":247881,"minecraft:drop":26,"minecraft:play_time":119150,"minecraft:deaths":5,"minecraft:sneak_time":5631,"minecraft:walk_under_water_one_cm":2786,"minecraft:jump":2103,"minecraft:walk_on_water_one_cm":5975,"minecraft:total_world_time":119150,"minecraft:interact_with_furnace":8,"minecraft:sleep_in_bed":10,"minecraft:time_since_rest":13454,"minecraft:waystone_activated":3,"minecraft:damage_taken":2045,"minecraft:damage_dealt":1404,"minecraft:swim_one_cm":862,"minecraft:fly_one_cm":456530,"minecraft:open_chest":70,"minecraft:crouch_one_cm":20636,"minecraft:fall_one_cm":68604},"minecraft:killed":{"minecraft:zombie":2,"minecraft:enderman":1},"minecraft:picked_up":{"biomesoplenty:redwood_log":29,"minecraft:crafting_table":5,"minecraft:wheat":2,"minecraft:allium":1,"minecraft:azure_bluet":1,"minecraft:chicken":1,"cobblemon:red_apricorn":20,"minecraft:stone_brick_wall":2,"cobblemon:wepear_berry":1,"biomesoplenty:jacaranda_fence":6,"minecraft:raw_copper":14,"cobblemon:white_mint_leaf":6,"dtbop:jacaranda_seed":4,"biomesoplenty:tall_lavender":1,"minecraft:cracked_stone_bricks":25,"biomesoplenty:fir_planks":49,"minecraft:bucket":2,"cobblemon:oran_berry":46,"minecraft:egg":2,"minecraft:stick":18,"minecraft:raw_iron":1,"minecraft:torch":6,"cobblemon:white_mint_seeds":3,"biomesoplenty:redwood_planks":6,"minecraft:rotten_flesh":3,"biomesoplenty:jacaranda_log":18,"biomesoplenty:redwood_fence":2,"minecraft:peony":1,"minecraft:white_wool":1,"minecraft:mutton":2,"cobblemon:blue_apricorn":8,"minecraft:skeleton_skull":7,"minecraft:cobblestone":24,"minecraft:stripped_oak_log":4,"biomesoplenty:lavender":4,"minecraft:feather":1,"biomesoplenty:goldenrod":2,"cobblemon:razz_berry":5,"biomesoplenty:fir_log":32,"minecraft:oak_log":13,"biomesoplenty:fir_stairs":4,"biomesoplenty:jacaranda_planks":47,"minecraft:dirt":23,"minecraft:bone":1,"minecraft:stone_bricks":25,"minecraft:wheat_seeds":34,"cobblemon:black_apricorn":6,"minecraft:mossy_stone_bricks":17,"minecraft:rabbit":1,"biomesoplenty:toadstool":3,"cobblemon:red_apricorn_seed":1,"minecraft:sweet_berries":3,"iceandfire:podium_spruce":1,"patchouli:guide_book":1,"cobblemon:black_apricorn_seed":1,"cobblemon:blue_apricorn_seed":2,"biomesoplenty:fir_fence":9,"cobblemon:persim_berry":15,"cobblemon:aspear_berry":15,"cobblemon:red_mint_seeds":1,"minecraft:iron_hoe":1,"biomesoplenty:redwood_stairs":1,"minecraft:oak_wood":7,"cobblemon:poke_ball":6,"minecraft:stone_axe":2,"waystones:waystone":3,"cobblemon:chesto_berry":20,"minecraft:coal":35,"minecraft:ender_pearl":1},"minecraft:mined":{"biomesoplenty:jacaranda_fence":8,"gravestone:gravestone":5,"biomesoplenty:bush":24,"minecraft:allium":1,"minecraft:stone_brick_wall":2,"minecraft:grass_block":14,"biomesoplenty:tall_lavender":1,"biomesoplenty:toadstool":2,"minecraft:iron_ore":1,"biomesoplenty:lavender":1,"biomesoplenty:redwood_fence":2,"biomesoplenty:high_grass":23,"biomesoplenty:fir_stairs":3,"minecraft:dirt_path":4,"minecraft:stripped_oak_log":4,"minecraft:stone":4,"minecraft:torch":1,"minecraft:crafting_table":4,"cobblemon:apricorn_leaves":2,"minecraft:oak_wood":8,"biomesoplenty:fir_planks":9,"biomesoplenty:high_grass_plant":14,"minecraft:cobblestone":15,"minecraft:tall_grass":6,"denseores:dense_coal_ore":3,"minecraft:copper_ore":4,"cobblemon:oran_berry":3,"minecraft:wall_torch":1,"biomesoplenty:goldenrod":2,"mca:cross_headstone":1,"biomesoplenty:fir_fence":12,"minecraft:wheat":13,"biomesoplenty:pink_daffodil":1,"minecraft:grass":43,"minecraft:oak_log":13,"minecraft:coal_ore":27,"cobblemon:white_mint":3,"minecraft:dirt":11,"minecraft:cracked_stone_bricks":28,"minecraft:stone_bricks":25,"minecraft:mossy_stone_bricks":18,"minecraft:fern":4},"minecraft:used":{"minecraft:beetroot":2,"minecraft:writable_book":2,"minecraft:stone_sword":29,"minecraft:stone_shovel":30,"minecraft:chest":2,"cobblemon:red_mint_seeds":1,"dtbop:jacaranda_seed":4,"minecraft:torch":9,"minecraft:dirt":9,"biomesoplenty:redwood_fence":2,"minecraft:glass":1,"minecraft:iron_hoe":80,"minecraft:tall_grass":1,"biomesoplenty:jacaranda_fence":44,"biomesoplenty:fir_fence":17,"cobblemon:white_mint_seeds":3,"minecraft:wheat_seeds":30,"minecraft:water_bucket":47,"minecraft:stone_pickaxe":133,"biomesoplenty:fir_planks":5,"minecraft:cobblestone_slab":5,"minecraft:cracked_stone_bricks":8,"minecraft:crafting_table":8,"cobblemon:black_apricorn_seed":1,"minecraft:stone_brick_wall":2,"minecraft:oak_log":1,"waystones:waystone":2,"cobblemon:oran_berry":10,"minecraft:stone_axe":70,"minecraft:cobblestone":15,"cobblemon:red_apricorn_seed":1,"minecraft:bucket":48,"cobblemon:blue_apricorn_seed":2},"minecraft:dropped":{"minecraft:wheat_seeds":2,"minecraft:crafting_table":1,"biomesoplenty:jacaranda_log":9,"cobblemon:razz_berry":5,"biomesoplenty:redwood_log":12,"minecraft:wooden_axe":1,"gravestone:obituary":5,"minecraft:bucket":2,"biomesoplenty:jacaranda_fence":1,"minecraft:stone_axe":2,"cobblemon:wepear_berry":1,"patchouli:guide_book":1,"cobblemon:aspear_berry":11,"biomesoplenty:fir_planks":40,"minecraft:wooden_pickaxe":1,"biomesoplenty:tall_lavender":1},"minecraft:crafted":{"minecraft:oak_planks":28,"minecraft:cobblestone_slab":12,"minecraft:stone_shovel":1,"minecraft:glass":1,"minecraft:stone_pickaxe":2,"minecraft:chest":2,"biomesoplenty:jacaranda_planks":36,"minecraft:crafting_table":10,"biomesoplenty:redwood_planks":44,"biomesoplenty:redwood_fence":12,"minecraft:copper_ingot":3,"minecraft:stone_axe":1,"minecraft:air":0,"biomesoplenty:jacaranda_fence":39,"biomesoplenty:fir_planks":8,"cobblemon:poke_ball":12,"biomesoplenty:fir_fence":15,"minecraft:stick":84,"minecraft:stone_sword":1,"minecraft:torch":32}},"DataVersion":3465}