{"stats":{"minecraft:killed_by":{"minecraft:enderman":4},"minecraft:custom":{"minecraft:time_since_rest":4989,"minecraft:waystone_activated":1,"lootr:looted_stat":5,"minecraft:interact_with_furnace":5,"minecraft:sprint_one_cm":114495,"minecraft:damage_taken":1088,"minecraft:walk_one_cm":57125,"minecraft:mob_kills":3,"minecraft:drop":10,"minecraft:damage_dealt":849,"minecraft:swim_one_cm":165,"minecraft:interact_with_crafting_table":4,"minecraft:fly_one_cm":74162,"minecraft:open_chest":24,"minecraft:crouch_one_cm":2387,"minecraft:play_time":35358,"minecraft:deaths":4,"minecraft:sneak_time":538,"minecraft:walk_under_water_one_cm":842,"minecraft:jump":371,"minecraft:leave_game":6,"minecraft:time_since_death":4962,"minecraft:walk_on_water_one_cm":2115,"minecraft:climb_one_cm":1814,"minecraft:sleep_in_bed":4,"minecraft:total_world_time":35358,"minecraft:fall_one_cm":11660},"minecraft:killed":{"minecraft:zombie":2,"minecraft:enderman":1},"minecraft:picked_up":{"biomesoplenty:toadstool":1,"minecraft:feather":1,"minecraft:wheat":1,"minecraft:chicken":1,"iceandfire:podium_spruce":1,"patchouli:guide_book":1,"minecraft:torch":3,"cobblemon:red_apricorn":2,"minecraft:stone_brick_wall":2,"minecraft:oak_log":1,"minecraft:iron_hoe":1,"biomesoplenty:tall_lavender":1,"minecraft:bone":1,"minecraft:rotten_flesh":2,"minecraft:wheat_seeds":10,"minecraft:peony":1,"cobblemon:oran_berry":6,"minecraft:rabbit":1,"minecraft:azure_bluet":1,"minecraft:mutton":2,"minecraft:skeleton_skull":7,"minecraft:white_wool":1,"minecraft:cobblestone":20,"minecraft:ender_pearl":1},"minecraft:mined":{"mca:cross_headstone":1,"biomesoplenty:tall_lavender":1,"minecraft:wheat":2,"cobblemon:apricorn_leaves":2,"gravestone:gravestone":4,"minecraft:grass":1,"biomesoplenty:bush":1,"minecraft:stone_brick_wall":2,"minecraft:oak_log":1,"minecraft:cobblestone":15,"minecraft:tall_grass":1},"minecraft:used":{"minecraft:oak_log":1,"minecraft:beetroot":2,"minecraft:water_bucket":8,"minecraft:writable_book":2,"minecraft:stone_sword":23,"minecraft:stone_pickaxe":18,"minecraft:cobblestone":15,"minecraft:tall_grass":1,"minecraft:crafting_table":2,"minecraft:bucket":9,"minecraft:stone_brick_wall":2,"biomesoplenty:fir_fence":4},"minecraft:dropped":{"minecraft:wheat_seeds":2,"minecraft:wooden_axe":1,"gravestone:obituary":4,"minecraft:wooden_pickaxe":1,"biomesoplenty:tall_lavender":1,"patchouli:guide_book":1},"minecraft:crafted":{"biomesoplenty:fir_fence":6,"minecraft:crafting_table":10,"minecraft:stone_pickaxe":1,"minecraft:stone_sword":1}},"DataVersion":3465}