{"stats":{"minecraft:crafted":{"legend_sword:small_stick":2,"minecraft:oak_planks":42,"legend_sword:glowed_dust":1,"minecraft:iron_boots":1,"minecraft:stripped_oak_log":9,"sophisticatedbackpacks:backpack":1,"enchantinginfuser:enchanting_infuser":1,"minecraft:crafting_table":1,"minecraft:iron_helmet":1,"minecraft:baked_potato":17,"minecraft:iron_chestplate":1,"minecraft:shield":1,"sophisticatedbackpacks:diamond_backpack":1,"minecraft:stick":64,"quark:oak_chest":2,"minecraft:iron_ingot":9,"minecraft:iron_pickaxe":2,"disenchanting:disenchanter":1,"firstaid:plaster":1,"minecraft:flint_and_steel":1,"minecraft:diamond":9,"minecraft:iron_axe":1,"quark:spruce_chest":3,"sophisticatedbackpacks:iron_backpack":1,"minecraft:enchanting_table":2,"minecraft:iron_sword":2,"sophisticatedbackpacks:gold_backpack":1,"minecraft:bucket":1,"legend_sword:iron_spear":1,"minecraft:air":0,"minecraft:cobblestone":4,"firstaid:bandage":4,"minecraft:iron_leggings":1,"minecraft:anvil":1,"minecraft:white_bed":2,"minecraft:torch":148},"minecraft:dropped":{"minecraft:iron_sword":4,"minecraft:lapis_lazuli":5,"minecraft:cooked_beef":7,"minecraft:baked_potato":6,"minecraft:glass_bottle":7,"minecraft:crafting_table":1,"minecraft:leather":2,"minecraft:mossy_stone_brick_stairs":1,"minecraft:cracked_stone_bricks":2,"minecraft:saddle":1,"minecraft:leather_helmet":1,"minecraft:red_carpet":2,"minecraft:flint":2,"cavesandcliffs:raw_copper":5,"cavesandcliffs:calcite":81,"tconstruct:materials_and_you":1,"quark:red_crystal":4,"quark:cobbled_deepslate":7,"minecraft:iron_pickaxe":2,"minecraft:white_wool":13,"quark:root_item":2,"minecraft:lever":1,"cavesandcliffs:smooth_basalt":21,"minecraft:rotten_flesh":9,"minecraft:oak_planks":24,"minecraft:chiseled_stone_bricks":1,"minecraft:leather_chestplate":1,"minecraft:quartz_block":1,"minecraft:leather_boots":1,"minecraft:leather_leggings":1,"create:zinc_ore":4,"minecraft:iron_bars":3,"minecraft:arrow":5,"minecraft:beef":4,"natural-progression:granite_pebble":15,"minecraft:stone_brick_stairs":1,"enigmaticlegacy:enigmatic_amulet":1,"minecraft:egg":2,"minecraft:water_bucket":1,"minecraft:bread":33,"cavesandcliffs:cobbled_deepslate":15,"cavesandcliffs:glow_ink_sac":4,"minecraft:mossy_cobblestone":3,"minecraft:iron_helmet":1,"minecraft:cobblestone":6,"minecraft:lead":1,"natural-progression:stone_pebble":30,"minecraft:apple":3,"quark:red_crystal_cluster":4,"wyrmroost:blue_geode":1,"minecraft:spruce_stairs":2,"minecraft:coal":12,"minecraft:stick":2,"minecraft:polished_andesite":6,"minecraft:torch":47,"minecraft:iron_leggings":1,"minecraft:polished_andesite_stairs":1,"minecraft:iron_axe":3,"minecraft:chainmail_leggings":1,"minecraft:string":1,"minecraft:redstone":1,"cavesandcliffs:amethyst_block":38,"minecraft:iron_boots":2,"sophisticatedbackpacks:backpack":1,"cavesandcliffs:raw_iron":15,"minecraft:nether_bricks":1,"minecraft:shears":1,"minecraft:potato":6,"minecraft:shield":5,"minecraft:diamond_chestplate":1,"minecraft:orange_terracotta":1,"minecraft:iron_chestplate":5,"minecraft:mossy_stone_bricks":5,"minecraft:oak_sapling":7,"minecraft:redstone_torch":2,"minecraft:stone_bricks":88,"minecraft:spruce_log":1,"cavesandcliffs:amethyst_shard":4},"minecraft:custom":{"lootr:looted_stat":59,"minecraft:interact_with_crafting_table":28,"minecraft:open_barrel":83,"minecraft:eat_cake_slice":1,"minecraft:leave_game":21,"minecraft:time_since_death":316,"minecraft:sprint_one_cm":1041212,"minecraft:damage_blocked_by_shield":3710,"minecraft:drop":144,"minecraft:deaths":38,"minecraft:jump":3366,"minecraft:walk_on_water_one_cm":35817,"minecraft:interact_with_furnace":13,"minecraft:play_one_minute":295708,"minecraft:interact_with_loom":1,"minecraft:sleep_in_bed":10,"minecraft:waystone_activated":4,"minecraft:damage_dealt":11800,"minecraft:player_kills":1,"minecraft:crouch_one_cm":47911,"minecraft:mob_kills":56,"minecraft:interact_with_campfire":11,"minecraft:climb_one_cm":14148,"minecraft:walk_one_cm":597839,"minecraft:sneak_time":18755,"minecraft:walk_under_water_one_cm":13606,"minecraft:time_since_rest":411,"minecraft:damage_taken":8002,"minecraft:swim_one_cm":12969,"minecraft:fly_one_cm":591614,"minecraft:open_chest":65,"minecraft:fall_one_cm":78548},"minecraft:used":{"quark:cobbled_deepslate":7,"minecraft:poppy":8,"minecraft:chest":2,"minecraft:shield":76,"minecraft:iron_sword":305,"minecraft:soul_sand":1,"minecraft:nether_bricks":6,"minecraft:allium":5,"minecraft:lava_bucket":10,"minecraft:stone_bricks":295,"quark:smooth_basalt":2,"minecraft:red_carpet":1,"minecraft:bow":3,"quark:red_crystal":2,"minecraft:sweet_berries":4,"minecraft:mossy_stone_bricks":2,"minecraft:oak_planks":19,"minecraft:diamond_axe":2,"minecraft:golden_apple":10,"minecraft:oak_leaves":2,"minecraft:white_wool":3,"cavesandcliffs:cobbled_deepslate":3,"cavesandcliffs:amethyst_block":26,"cavesandcliffs:smooth_basalt":4,"minecraft:shears":2,"waystones:waystone":2,"sophisticatedbackpacks:backpack":1,"minecraft:bread":3,"minecraft:diamond_sword":3,"minecraft:bone_meal":7,"minecraft:cobweb":8,"minecraft:iron_bars":1,"minecraft:flint_and_steel":4,"minecraft:spruce_planks":20,"minecraft:bee_spawn_egg":4,"minecraft:torch":80,"minecraft:dirt":6,"legend_sword:iron_spear":7,"minecraft:bee_nest":1,"minecraft:nether_brick_stairs":3,"minecraft:mossy_cobblestone_stairs":1,"quark:spruce_chest":3,"minecraft:iron_axe":80,"minecraft:cooked_beef":11,"natural-progression:stone_pebble":1,"minecraft:cooked_mutton":3,"minecraft:water_bucket":55,"minecraft:baked_potato":16,"minecraft:red_nether_bricks":3,"enigmaticlegacy:loot_generator":6,"minecraft:mossy_cobblestone":3,"minecraft:crafting_table":3,"disenchanting:disenchanter":1,"minecraft:white_bed":8,"minecraft:spruce_log":1,"minecraft:oak_log":1,"minecraft:diamond_pickaxe":58,"minecraft:oxeye_daisy":5,"minecraft:iron_pickaxe":278,"enchantinginfuser:enchanting_infuser":2,"minecraft:cobblestone":74,"minecraft:potion":7,"minecraft:bucket":66,"minecraft:dandelion":8},"minecraft:picked_up":{"minecraft:iron_chestplate":8,"minecraft:redstone_block":1,"minecraft:lead":7,"wyrmroost:platinum_ore":4,"minecraft:potion":2,"minecraft:enchanted_book":2,"minecraft:stone_brick_stairs":1,"minecraft:string":82,"minecraft:red_nether_bricks":3,"minecraft:iron_leggings":5,"minecraft:experience_bottle":57,"minecraft:diamond_leggings":1,"minecraft:spruce_planks":223,"minecraft:redstone_torch":2,"quark:root_item":5,"minecraft:iron_pickaxe":4,"minecraft:enchanted_golden_apple":1,"natural-progression:stone_pebble":52,"minecraft:iron_boots":4,"minecraft:stick":8,"cavesandcliffs:amethyst_block":76,"minecraft:torch":20,"minecraft:spruce_stairs":2,"disenchanting:disenchanter":1,"cavesandcliffs:smooth_basalt":25,"alexsmobs:centipede_leg":2,"minecraft:quartz_block":2,"minecraft:rotten_flesh":40,"minecraft:iron_block":29,"minecraft:iron_bars":7,"minecraft:cobblestone":30,"minecraft:leather_chestplate":1,"minecraft:cooked_beef":71,"minecraft:water_bucket":3,"minecraft:golden_leggings":1,"minecraft:potato":6,"cavesandcliffs:amethyst_shard":4,"quark:red_crystal":6,"minecraft:lapis_lazuli":7,"minecraft:dirt":2,"cavesandcliffs:glow_ink_sac":9,"minecraft:leather_boots":1,"minecraft:bone":52,"minecraft:bow":2,"cavesandcliffs:raw_copper":5,"minecraft:mossy_stone_bricks":15,"minecraft:diamond_helmet":1,"minecraft:oak_planks":51,"minecraft:mossy_stone_brick_stairs":1,"legend_sword:glowen_flesh":1,"minecraft:nether_brick_stairs":3,"minecraft:diamond_block":1,"minecraft:mossy_cobblestone":13,"quark:cobbled_deepslate":14,"minecraft:polished_andesite":14,"minecraft:diamond":5,"minecraft:lever":1,"waystones:waystone":2,"enchantinginfuser:enchanting_infuser":2,"minecraft:golden_apple":5,"minecraft:emerald":32,"minecraft:bread":50,"minecraft:oak_sapling":13,"minecraft:oak_leaves":2,"minecraft:diamond_pickaxe":2,"minecraft:crafting_table":6,"minecraft:bee_nest":1,"minecraft:leather_leggings":1,"tconstruct:materials_and_you":1,"cavesandcliffs:raw_iron":16,"minecraft:shield":8,"minecraft:iron_axe":6,"minecraft:flint_and_steel":1,"minecraft:iron_shovel":1,"minecraft:cracked_stone_bricks":9,"minecraft:beef":20,"create:zinc_ore":6,"minecraft:chest":2,"minecraft:egg":6,"sophisticatedbackpacks:backpack":5,"minecraft:redstone":1,"minecraft:tnt":2,"legend_sword:shadow_dust":3,"minecraft:arrow":32,"minecraft:diamond_chestplate":2,"quark:smooth_basalt":3,"minecraft:nether_bricks":11,"minecraft:shears":2,"minecraft:diamond_boots":1,"natural-progression:granite_pebble":16,"minecraft:gold_ingot":10,"firstaid:bandage":5,"minecraft:mutton":3,"minecraft:white_wool":48,"minecraft:stripped_oak_log":6,"minecraft:leather":13,"minecraft:oak_log":10,"minecraft:gunpowder":22,"minecraft:orange_terracotta":1,"minecraft:cooked_mutton":3,"minecraft:red_carpet":3,"minecraft:stone_bricks":138,"wyrmroost:blue_geode":1,"minecraft:iron_ingot":36,"minecraft:music_disc_far":1,"minecraft:cobweb":7,"minecraft:glass_bottle":2,"minecraft:iron_sword":7,"minecraft:soul_sand":1,"quark:red_crystal_cluster":4,"minecraft:book":15,"cavesandcliffs:calcite":81,"minecraft:polished_andesite_stairs":4,"cavesandcliffs:cobbled_deepslate":18,"minecraft:sweet_berries":4,"minecraft:chiseled_stone_bricks":2,"minecraft:dandelion":1,"minecraft:gravel":4,"enigmaticlegacy:enigmatic_amulet":3,"minecraft:spruce_log":8,"minecraft:white_bed":6,"minecraft:crying_obsidian":5,"minecraft:spider_eye":1,"minecraft:leather_helmet":1,"minecraft:diamond_shovel":1,"minecraft:iron_helmet":5,"minecraft:diamond_axe":1,"minecraft:mossy_cobblestone_stairs":3,"minecraft:baked_potato":17,"minecraft:coal":92,"minecraft:ender_pearl":10},"minecraft:killed":{"minecraft:spider":5,"minecraft:skeleton":7,"legend_sword:shadow":1,"alexsmobs:centipede_head":2,"minecraft:creeper":3,"minecraft:sheep":1,"minecraft:zombie":22,"minecraft:cow":5,"mca:male_zombie_villager":1,"hordes:zombie_player":3,"quark:toretoise":2,"minecraft:drowned":6,"minecraft:wither_skeleton":3},"minecraft:mined":{"minecraft:spruce_planks":1,"minecraft:white_bed":6,"minecraft:red_nether_bricks":2,"minecraft:granite":5,"minecraft:grass_block":1,"cavesandcliffs:deepslate_lapis_ore":1,"minecraft:chiseled_stone_bricks":1,"minecraft:spawner":18,"minecraft:mossy_cobblestone_stairs":3,"minecraft:iron_ore":8,"minecraft:fire":2,"cavesandcliffs:deepslate_copper_ore":1,"wyrmroost:platinum_ore":4,"cavesandcliffs:smooth_basalt":10,"minecraft:nether_brick_stairs":3,"minecraft:iron_bars":10,"cavesandcliffs:deepslate_iron_ore":3,"minecraft:iron_block":29,"minecraft:quartz_block":5,"minecraft:orange_terracotta":1,"minecraft:torch":1,"minecraft:polished_andesite_stairs":1,"minecraft:cobblestone":14,"cavesandcliffs:budding_amethyst":2,"minecraft:wall_torch":1,"cavesandcliffs:amethyst_block":11,"cavesandcliffs:deepslate_diamond_ore":2,"minecraft:stone_brick_stairs":1,"minecraft:grass":6,"minecraft:oak_log":10,"minecraft:dirt":1,"cavesandcliffs:deepslate":16,"minecraft:netherrack":2,"minecraft:oak_leaves":185,"create:zinc_ore":4,"minecraft:red_carpet":1,"quark:red_crystal":5,"minecraft:mossy_cobblestone":9,"disenchanting:disenchanter":1,"enchantinginfuser:enchanting_infuser":2,"quark:cobbled_deepslate":5,"minecraft:nether_bricks":7,"minecraft:diamond_block":1,"treechop:chopped_log":10,"quark:smooth_basalt":3,"quark:red_crystal_cluster":2,"minecraft:mossy_stone_brick_stairs":3,"minecraft:bookshelf":5,"minecraft:vine":13,"wyrmroost:blue_geode_ore":1,"cavesandcliffs:calcite":5,"minecraft:stripped_oak_log":6,"minecraft:stone":11,"sophisticatedbackpacks:backpack":1,"minecraft:redstone_block":1,"minecraft:dandelion":1,"minecraft:crafting_table":2,"minecraft:emerald_ore":1,"cavesandcliffs:deepslate_coal_ore":5,"minecraft:sweet_berry_bush":1,"minecraft:spruce_log":2,"minecraft:birch_leaves":12,"quark:deepslate":12,"minecraft:coal_ore":6,"quark:monster_box":2,"minecraft:cobweb":3,"minecraft:cracked_stone_bricks":5,"minecraft:polished_andesite":8,"minecraft:stone_bricks":61,"minecraft:mossy_stone_bricks":8},"minecraft:killed_by":{"minecraft:zombie":5,"alexsmobs:grizzly_bear":1,"minecraft:player":2,"minecraft:stray":1,"hordes:zombie_player":5,"minecraft:bee":1,"wyrmroost:alpine":2,"alexsmobs:centipede_head":7,"minecraft:skeleton":6}},"DataVersion":2586}