{"stats":{"minecraft:dropped":{"minecraft:iron_sword":1,"minecraft:crafting_table":1,"minecraft:lantern":1,"minecraft:cracked_stone_bricks":4,"cobblemon:razz_berry":5,"biomesoplenty:redwood_log":12,"gravestone:obituary":16,"minecraft:iron_pickaxe":1,"dtbop:mahogany_seed":2,"minecraft:stone_axe":2,"minecraft:polished_andesite_slab":4,"minecraft:cobbled_deepslate":5,"minecraft:rotten_flesh":2,"minecraft:oak_planks":19,"patchouli:guide_book":1,"cobblemon:aspear_berry":11,"biomesoplenty:tall_lavender":1,"rats:garbage_pile":15,"minecraft:egg":2,"minecraft:water_bucket":1,"minecraft:wheat_seeds":4,"biomesoplenty:lavender":8,"minecraft:cobblestone":9,"minecraft:amethyst_block":2,"cobblemon:oran_berry":40,"biomesoplenty:jacaranda_log":9,"minecraft:stick":4,"minecraft:wooden_axe":1,"pkgbadges:the_boulder_badge":2,"minecraft:bucket":2,"biomesoplenty:jacaranda_fence":1,"cobblemon:wepear_berry":1,"minecraft:smooth_stone_slab":4,"biomesoplenty:fir_planks":40,"minecraft:allium":1,"cobblemon:shuca_berry":2,"minecraft:redstone_torch":1,"minecraft:red_sand":1,"minecraft:stone_pickaxe":1,"minecraft:wooden_pickaxe":1,"minecraft:brick":16},"minecraft:killed_by":{"mutantmonsters:mutant_creeper":1,"minecraft:zombie":2,"minecraft:player":1,"minecraft:spider":1,"minecraft:enderman":5,"minecraft:skeleton":1,"iceandfire:ghost":2},"minecraft:crafted":{"minecraft:oak_planks":80,"minecraft:cobblestone_slab":12,"minecraft:oak_sign":3,"minecraft:glass":1,"minecraft:chest":6,"biomesoplenty:jacaranda_planks":36,"minecraft:crafting_table":10,"minecraft:copper_ingot":3,"biomesoplenty:jacaranda_fence":39,"biomesoplenty:fir_planks":8,"cobblemon:poke_ball":12,"cobblemon:quick_ball":20,"minecraft:stick":96,"minecraft:iron_pickaxe":1,"minecraft:stone_sword":1,"minecraft:stone_shovel":1,"biomesoplenty:mahogany_planks":20,"minecraft:stone_pickaxe":2,"biomesoplenty:redwood_planks":44,"biomesoplenty:redwood_fence":12,"minecraft:stone_axe":1,"minecraft:air":0,"biomesoplenty:fir_fence":15,"minecraft:torch":72,"cobblemon:ultra_ball":24,"cobblemon:great_ball":16},"minecraft:killed":{"minecraft:spider":2,"minecraft:skeleton":3,"minecraft:zombie":7,"minecraft:cow":1,"minecraft:phantom":1,"cobblemon:pokemon":5,"minecraft:enderman":2},"minecraft:mined":{"minecraft:large_amethyst_bud":2,"minecraft:white_bed":3,"minecraft:farmland":2,"iceandfire:copper_pile":2,"cobblemon:pc":1,"denseores:dense_deepslate_lapis_ore":1,"minecraft:budding_amethyst":1,"minecraft:grass_block":31,"minecraft:stone_brick_wall":2,"minecraft:oak_wall_sign":3,"minecraft:spawner":1,"biomesoplenty:tall_lavender":1,"minecraft:iron_ore":6,"minecraft:cobbled_deepslate":6,"biomesoplenty:lavender":9,"biomesoplenty:redwood_fence":2,"biomesoplenty:hanging_cobweb":2,"dtbop:mahogany_leaves":2,"denseores:dense_deepslate_gold_ore":13,"iceandfire:gold_pile":3,"minecraft:dirt_path":4,"minecraft:small_amethyst_bud":1,"cobblemon:deepslate_dusk_stone_ore":1,"minecraft:deepslate_redstone_ore":7,"minecraft:torch":1,"cobblemon:apricorn_leaves":2,"minecraft:blast_furnace":1,"minecraft:melon":10,"minecraft:chest":1,"denseores:dense_coal_ore":16,"minecraft:cobblestone":27,"minecraft:oak_planks":2,"minecraft:wall_torch":2,"minecraft:amethyst_block":1,"biomesoplenty:goldenrod":2,"mca:cross_headstone":1,"denseores:dense_deepslate_diamond_ore":4,"minecraft:wheat":13,"minecraft:stone_brick_stairs":1,"minecraft:smooth_stone_slab":1,"minecraft:grass":110,"minecraft:oak_log":13,"cobblemon:deepslate_moon_stone_ore":1,"cobblemon:white_mint":3,"minecraft:dirt":16,"minecraft:deepslate":47,"cobblemon:healing_machine":1,"minecraft:tuff":13,"minecraft:mossy_cobblestone":1,"minecraft:oak_door":1,"biomesoplenty:jacaranda_fence":8,"gravestone:gravestone":13,"biomesoplenty:bush":31,"minecraft:allium":1,"minecraft:decorated_pot":4,"minecraft:jungle_planks":1,"minecraft:polished_andesite_slab":2,"denseores:dense_deepslate_iron_ore":11,"cobblemon:red_apricorn_sapling":1,"minecraft:large_fern":10,"dynamictrees:oak_undergrowth_leaves":20,"biomesoplenty:toadstool":2,"minecraft:andesite":2,"minecraft:peony":1,"minecraft:big_dripleaf_stem":1,"minecraft:bookshelf":4,"minecraft:deepslate_iron_ore":3,"biomesoplenty:high_grass":124,"biomesoplenty:fir_stairs":3,"minecraft:lantern":1,"minecraft:stripped_oak_log":4,"biomesoplenty:barley":41,"minecraft:stone":13,"minecraft:glass_pane":2,"denseores:dense_deepslate_coal_ore":2,"minecraft:basalt":1,"minecraft:crafting_table":4,"minecraft:oak_wood":8,"biomesoplenty:fir_planks":9,"biomesoplenty:high_grass_plant":129,"minecraft:tall_grass":26,"minecraft:copper_ore":4,"rats:garbage_pile":17,"minecraft:deepslate_gold_ore":6,"cobblemon:oran_berry":3,"cobblemon:relic_coin_pouch":1,"minecraft:spruce_stairs":2,"biomesoplenty:fir_fence":12,"minecraft:redstone_torch":1,"biomesoplenty:pink_daffodil":2,"minecraft:coal_ore":34,"iceandfire:silver_pile":3,"minecraft:cracked_stone_bricks":33,"minecraft:stone_bricks":29,"minecraft:polished_andesite":1,"minecraft:mossy_stone_bricks":20,"minecraft:fern":117},"minecraft:broken":{"minecraft:leather_leggings":1,"minecraft:stone_pickaxe":1,"minecraft:leather_helmet":1,"minecraft:leather_chestplate":1,"minecraft:leather_boots":1},"minecraft:custom":{"lootr:looted_stat":12,"minecraft:interact_with_crafting_table":47,"minecraft:leave_game":17,"minecraft:time_since_death":136353,"minecraft:sprint_one_cm":1450617,"minecraft:drop":115,"minecraft:play_time":338904,"minecraft:deaths":15,"minecraft:jump":7632,"minecraft:walk_on_water_one_cm":38363,"minecraft:interact_with_furnace":22,"minecraft:sleep_in_bed":23,"minecraft:waystone_activated":14,"minecraft:damage_dealt":6095,"minecraft:player_kills":1,"minecraft:crouch_one_cm":48700,"minecraft:mob_kills":23,"minecraft:damage_dealt_resisted":13,"minecraft:climb_one_cm":5235,"minecraft:walk_one_cm":533779,"minecraft:sneak_time":14289,"minecraft:walk_under_water_one_cm":17891,"minecraft:interact_with_blast_furnace":8,"minecraft:total_world_time":338904,"minecraft:time_since_rest":43591,"minecraft:damage_taken":7605,"minecraft:trigger_trapped_chest":1,"minecraft:swim_one_cm":58982,"minecraft:fly_one_cm":1622077,"minecraft:open_chest":134,"minecraft:fall_one_cm":259475},"minecraft:used":{"minecraft:beetroot":2,"minecraft:writable_book":2,"minecraft:oak_sign":3,"minecraft:decorated_pot":1,"minecraft:chest":7,"minecraft:iron_sword":88,"cobblemon:red_mint_seeds":1,"biomesoplenty:redwood_fence":2,"minecraft:jungle_planks":1,"minecraft:tuff":4,"minecraft:glass":1,"minecraft:lantern":1,"minecraft:stone_bricks":1,"minecraft:bow":1,"biomesoplenty:jacaranda_fence":44,"biomesoplenty:fir_fence":17,"minecraft:stone_pickaxe":142,"minecraft:oak_planks":26,"biomesoplenty:fir_planks":5,"minecraft:blast_furnace":1,"minecraft:stone_brick_wall":2,"biomesoplenty:jacaranda_planks":2,"minecraft:redstone_torch":1,"waystones:waystone":11,"cobblemon:red_apricorn_seed":5,"minecraft:stone_sword":56,"minecraft:stone_shovel":73,"dtbop:jacaranda_seed":4,"minecraft:torch":82,"minecraft:dirt":24,"minecraft:iron_hoe":80,"minecraft:iron_boots":1,"cobblemon:pc":1,"minecraft:tall_grass":1,"minecraft:stone_pressure_plate":1,"minecraft:cobbled_deepslate":33,"minecraft:iron_leggings":1,"cobblemon:white_mint_seeds":3,"minecraft:wheat_seeds":30,"minecraft:water_bucket":110,"minecraft:cobblestone_slab":5,"minecraft:cracked_stone_bricks":11,"minecraft:crafting_table":11,"cobblemon:black_apricorn_seed":2,"minecraft:white_bed":3,"cobblemon:healing_machine":1,"minecraft:oak_log":3,"cobblemon:oran_berry":10,"minecraft:iron_pickaxe":221,"minecraft:stone_axe":110,"minecraft:cobblestone":48,"minecraft:bucket":111,"cobblemon:blue_apricorn_seed":3},"minecraft:picked_up":{"minecraft:wheat":3,"cobblemon:red_apricorn":46,"minecraft:stone_brick_stairs":1,"minecraft:amethyst_block":2,"cobblemon:wepear_berry":7,"minecraft:string":1,"minecraft:raw_copper":14,"minecraft:smooth_stone_slab":4,"biomesoplenty:tall_lavender":1,"dtbop:jacaranda_seed":4,"minecraft:oak_sign":3,"minecraft:red_sand":1,"minecraft:gold_nugget":2,"minecraft:cobbled_deepslate":54,"minecraft:bucket":2,"biomesoplenty:fir_planks":49,"cobblemon:oran_berry":215,"minecraft:redstone_torch":2,"dynamictrees:oak_seed":1,"minecraft:iron_pickaxe":1,"cobblemon:quick_ball":7,"minecraft:melon_slice":43,"minecraft:stick":30,"cobblemon:pc":1,"minecraft:big_dripleaf":1,"minecraft:torch":10,"cobblemon:white_mint_seeds":3,"minecraft:rotten_flesh":7,"biomesoplenty:redwood_fence":2,"minecraft:cobblestone":44,"biomesoplenty:lavender":9,"cobblemon:ultra_ball":2,"minecraft:feather":1,"cobblemon:great_ball":9,"minecraft:water_bucket":1,"minecraft:andesite":2,"cobblemon:razz_berry":5,"biomesoplenty:fir_log":32,"minecraft:tuff":13,"cobblemon:bluk_berry":6,"biomesoplenty:fir_stairs":4,"minecraft:lapis_lazuli":6,"minecraft:dirt":63,"minecraft:lantern":2,"pkgbadges:the_boulder_badge":3,"minecraft:bone":6,"minecraft:bow":1,"cobblemon:black_apricorn":43,"minecraft:wheat_seeds":62,"minecraft:raw_gold":53,"minecraft:mossy_stone_bricks":19,"minecraft:rabbit":1,"cobblemon:moon_stone":1,"minecraft:oak_planks":21,"biomesoplenty:toadstool":3,"patchouli:guide_book":1,"iceandfire:podium_spruce":1,"minecraft:jungle_planks":1,"biomesoplenty:fir_fence":9,"cobblemon:persim_berry":19,"cobblemon:aspear_berry":20,"cobblemon:shuca_berry":2,"cobblemon:red_mint_seeds":1,"cobblemon:healing_machine":1,"minecraft:iron_hoe":1,"minecraft:polished_andesite":1,"minecraft:diamond":11,"cobblemon:poke_ball":16,"waystones:waystone":11,"cobblemon:rindo_berry":3,"biomesoplenty:pink_daffodil":1,"cobblemon:chesto_berry":20,"biomesoplenty:redwood_log":29,"rats:rat_trap":1,"minecraft:crafting_table":5,"minecraft:allium":2,"minecraft:azure_bluet":1,"minecraft:chicken":1,"cobblemon:yellow_apricorn":24,"minecraft:stone_brick_wall":2,"gravestone:obituary":1,"minecraft:brick":16,"biomesoplenty:jacaranda_fence":6,"cobblemon:white_mint_leaf":6,"cobblemon:white_apricorn":2,"rats:garbage_pile":15,"minecraft:cracked_stone_bricks":32,"cobblemon:green_apricorn":6,"minecraft:beef":3,"cobblemon:relic_coin":2,"cobblemon:dusk_stone":1,"minecraft:chest":1,"minecraft:egg":5,"minecraft:raw_iron":50,"rats:plastic_waste":2,"minecraft:redstone":65,"minecraft:stone_pressure_plate":1,"biomesoplenty:redwood_planks":6,"minecraft:arrow":1,"biomesoplenty:jacaranda_log":18,"minecraft:decorated_pot":1,"minecraft:peony":1,"minecraft:white_wool":1,"minecraft:mutton":2,"minecraft:skeleton_skull":7,"cobblemon:blue_apricorn":59,"minecraft:stripped_oak_log":4,"biomesoplenty:goldenrod":2,"minecraft:leather":2,"minecraft:oak_log":16,"biomesoplenty:jacaranda_planks":49,"minecraft:stone_bricks":29,"minecraft:kelp":1,"minecraft:polished_andesite_slab":4,"minecraft:iron_sword":1,"cobblemon:red_apricorn_seed":7,"minecraft:sweet_berries":3,"cobblemon:black_apricorn_seed":6,"cobblemon:blue_apricorn_seed":6,"cobblemon:cheri_berry":6,"cobblemon:yellow_apricorn_seed":3,"minecraft:blast_furnace":1,"minecraft:white_bed":3,"dtbop:mahogany_seed":2,"minecraft:oak_wood":7,"biomesoplenty:redwood_stairs":1,"biomesoplenty:mahogany_log":5,"minecraft:stone_axe":2,"minecraft:coal":84,"minecraft:ender_pearl":1}},"DataVersion":3465}