{"stats":{"minecraft:killed":{"mca:male_zombie_villager":1,"hordes:zombie_player":1,"quark:toretoise":2,"minecraft:zombie":7,"minecraft:drowned":6,"alexsmobs:centipede_head":2},"minecraft:picked_up":{"minecraft:leather_chestplate":1,"minecraft:leather_leggings":1,"wyrmroost:platinum_ore":4,"cavesandcliffs:raw_iron":15,"minecraft:string":4,"minecraft:lapis_lazuli":7,"minecraft:dirt":1,"quark:red_crystal":2,"cavesandcliffs:glow_ink_sac":4,"minecraft:leather_boots":1,"minecraft:red_carpet":2,"cavesandcliffs:raw_copper":5,"minecraft:iron_ingot":26,"create:zinc_ore":4,"minecraft:oak_planks":34,"natural-progression:stone_pebble":24,"quark:red_crystal_cluster":4,"legend_sword:glowen_flesh":1,"cavesandcliffs:cobbled_deepslate":9,"minecraft:gravel":2,"alexsmobs:centipede_leg":2,"minecraft:leather_helmet":1,"quark:cobbled_deepslate":7,"legend_sword:shadow_dust":1,"minecraft:rotten_flesh":9,"minecraft:bread":16,"firstaid:bandage":5,"minecraft:oak_sapling":1,"minecraft:coal":15},"minecraft:mined":{"create:zinc_ore":4,"quark:red_crystal":2,"cavesandcliffs:deepslate_lapis_ore":1,"cavesandcliffs:deepslate_coal_ore":5,"minecraft:iron_ore":7,"cavesandcliffs:deepslate_copper_ore":1,"wyrmroost:platinum_ore":4,"quark:deepslate":11,"quark:red_crystal_cluster":2,"minecraft:grass":1,"minecraft:coal_ore":6,"quark:monster_box":1,"cavesandcliffs:deepslate_iron_ore":3,"cavesandcliffs:deepslate":9,"minecraft:stone":4,"minecraft:oak_leaves":3},"minecraft:crafted":{"legend_sword:small_stick":2,"minecraft:iron_helmet":1,"minecraft:iron_sword":1,"minecraft:bucket":1,"legend_sword:iron_spear":1,"minecraft:iron_boots":1,"minecraft:iron_chestplate":1,"minecraft:shield":1,"minecraft:stick":4,"minecraft:iron_pickaxe":1,"minecraft:iron_leggings":1,"firstaid:bandage":1,"minecraft:torch":12},"minecraft:killed_by":{"minecraft:player":1,"alexsmobs:centipede_head":7},"minecraft:used":{"minecraft:water_bucket":11,"minecraft:shield":2,"minecraft:iron_sword":101,"minecraft:torch":1,"minecraft:dirt":5,"legend_sword:iron_spear":7,"minecraft:lava_bucket":5,"minecraft:iron_pickaxe":63,"minecraft:bucket":17,"minecraft:cobweb":5},"minecraft:dropped":{"cavesandcliffs:glow_ink_sac":4,"minecraft:oak_planks":24,"minecraft:leather_helmet":1,"minecraft:leather_chestplate":1,"minecraft:leather_boots":1,"minecraft:oak_sapling":1,"minecraft:leather_leggings":1},"minecraft:custom":{"minecraft:interact_with_furnace":1,"minecraft:mob_kills":15,"minecraft:interact_with_crafting_table":7,"minecraft:open_barrel":22,"minecraft:play_one_minute":39649,"minecraft:leave_game":2,"minecraft:time_since_death":9307,"minecraft:sleep_in_bed":1,"minecraft:climb_one_cm":1406,"minecraft:time_since_rest":9335,"minecraft:waystone_activated":1,"minecraft:sprint_one_cm":59032,"minecraft:damage_taken":2608,"minecraft:walk_one_cm":75620,"minecraft:damage_blocked_by_shield":70,"minecraft:drop":7,"minecraft:damage_dealt":3776,"minecraft:fly_one_cm":33589,"minecraft:swim_one_cm":317,"minecraft:open_chest":15,"minecraft:crouch_one_cm":12675,"minecraft:deaths":9,"minecraft:sneak_time":6091,"minecraft:walk_under_water_one_cm":142,"minecraft:jump":412,"minecraft:walk_on_water_one_cm":9655,"minecraft:fall_one_cm":15192}},"DataVersion":2586}