{"stats":{"minecraft:killed_by":{"minecraft:enderman":4},"minecraft:custom":{"minecraft:interact_with_furnace":5,"lootr:looted_stat":5,"minecraft:mob_kills":3,"minecraft:interact_with_crafting_table":14,"minecraft:leave_game":6,"minecraft:time_since_death":16962,"minecraft:sleep_in_bed":5,"minecraft:climb_one_cm":1814,"minecraft:time_since_rest":9468,"minecraft:waystone_activated":1,"minecraft:sprint_one_cm":171309,"minecraft:damage_taken":1118,"minecraft:walk_one_cm":94383,"minecraft:drop":12,"minecraft:damage_dealt":1128,"minecraft:swim_one_cm":165,"minecraft:fly_one_cm":93538,"minecraft:open_chest":30,"minecraft:crouch_one_cm":3549,"minecraft:play_time":47358,"minecraft:deaths":4,"minecraft:sneak_time":862,"minecraft:walk_under_water_one_cm":842,"minecraft:jump":465,"minecraft:walk_on_water_one_cm":2115,"minecraft:total_world_time":47358,"minecraft:fall_one_cm":15826},"minecraft:killed":{"minecraft:zombie":2,"minecraft:enderman":1},"minecraft:picked_up":{"biomesoplenty:redwood_log":29,"minecraft:azure_bluet":1,"minecraft:crafting_table":3,"minecraft:wheat":1,"minecraft:feather":1,"minecraft:chicken":1,"cobblemon:red_apricorn":2,"minecraft:stone_brick_wall":2,"minecraft:oak_log":1,"biomesoplenty:fir_stairs":4,"minecraft:dirt":6,"biomesoplenty:tall_lavender":1,"minecraft:bone":1,"minecraft:wheat_seeds":17,"cobblemon:oran_berry":6,"minecraft:rabbit":1,"biomesoplenty:toadstool":1,"iceandfire:podium_spruce":1,"patchouli:guide_book":1,"minecraft:torch":5,"biomesoplenty:fir_fence":2,"minecraft:iron_hoe":1,"biomesoplenty:redwood_planks":6,"minecraft:rotten_flesh":2,"biomesoplenty:redwood_fence":2,"minecraft:peony":1,"minecraft:mutton":2,"minecraft:skeleton_skull":7,"minecraft:white_wool":1,"minecraft:cobblestone":20,"minecraft:ender_pearl":1},"minecraft:mined":{"minecraft:crafting_table":3,"cobblemon:apricorn_leaves":2,"minecraft:torch":1,"gravestone:gravestone":4,"biomesoplenty:bush":2,"minecraft:grass_block":4,"minecraft:stone_brick_wall":2,"minecraft:tall_grass":1,"minecraft:cobblestone":15,"minecraft:wall_torch":1,"mca:cross_headstone":1,"biomesoplenty:tall_lavender":1,"biomesoplenty:fir_fence":2,"minecraft:wheat":4,"biomesoplenty:redwood_fence":2,"minecraft:grass":1,"minecraft:oak_log":1,"biomesoplenty:fir_stairs":3,"minecraft:dirt":3},"minecraft:used":{"minecraft:wheat_seeds":3,"minecraft:beetroot":2,"minecraft:water_bucket":14,"minecraft:writable_book":2,"minecraft:stone_sword":23,"minecraft:stone_shovel":15,"minecraft:stone_pickaxe":18,"minecraft:cobblestone_slab":5,"minecraft:torch":5,"minecraft:crafting_table":5,"biomesoplenty:redwood_fence":2,"minecraft:stone_brick_wall":2,"minecraft:oak_log":1,"minecraft:iron_hoe":3,"minecraft:stone_axe":11,"minecraft:cobblestone":15,"minecraft:tall_grass":1,"minecraft:bucket":14,"biomesoplenty:fir_fence":17},"minecraft:dropped":{"minecraft:wheat_seeds":2,"patchouli:guide_book":1,"biomesoplenty:redwood_log":12,"minecraft:wooden_axe":1,"gravestone:obituary":4,"minecraft:wooden_pickaxe":1,"biomesoplenty:tall_lavender":1},"minecraft:crafted":{"minecraft:cobblestone_slab":12,"minecraft:stone_shovel":1,"minecraft:crafting_table":10,"biomesoplenty:redwood_planks":44,"biomesoplenty:redwood_fence":12,"minecraft:stone_axe":1,"biomesoplenty:fir_fence":15,"minecraft:stick":72,"minecraft:stone_pickaxe":1,"minecraft:stone_sword":1}},"DataVersion":3465}