{"stats":{"minecraft:killed_by":{"minecraft:enderman":4},"minecraft:custom":{"minecraft:interact_with_furnace":7,"lootr:looted_stat":5,"minecraft:mob_kills":3,"minecraft:interact_with_crafting_table":22,"minecraft:leave_game":7,"minecraft:time_since_death":40754,"minecraft:sleep_in_bed":8,"minecraft:climb_one_cm":1814,"minecraft:time_since_rest":4486,"minecraft:waystone_activated":1,"minecraft:sprint_one_cm":279229,"minecraft:damage_taken":1178,"minecraft:walk_one_cm":142832,"minecraft:drop":17,"minecraft:damage_dealt":1150,"minecraft:swim_one_cm":165,"minecraft:fly_one_cm":187158,"minecraft:open_chest":37,"minecraft:crouch_one_cm":4828,"minecraft:play_time":71150,"minecraft:deaths":4,"minecraft:sneak_time":1311,"minecraft:walk_under_water_one_cm":911,"minecraft:jump":947,"minecraft:walk_on_water_one_cm":2427,"minecraft:total_world_time":71150,"minecraft:fall_one_cm":31284},"minecraft:killed":{"minecraft:zombie":2,"minecraft:enderman":1},"minecraft:picked_up":{"biomesoplenty:redwood_log":29,"minecraft:crafting_table":4,"minecraft:wheat":2,"minecraft:feather":1,"minecraft:azure_bluet":1,"minecraft:chicken":1,"cobblemon:red_apricorn":20,"minecraft:stone_brick_wall":2,"biomesoplenty:fir_log":32,"minecraft:oak_log":1,"biomesoplenty:fir_stairs":4,"biomesoplenty:jacaranda_fence":1,"minecraft:dirt":6,"cobblemon:white_mint_leaf":6,"biomesoplenty:tall_lavender":1,"dtbop:jacaranda_seed":4,"minecraft:bone":1,"minecraft:wheat_seeds":28,"cobblemon:oran_berry":46,"minecraft:rabbit":1,"cobblemon:red_apricorn_seed":1,"biomesoplenty:toadstool":1,"minecraft:stick":18,"iceandfire:podium_spruce":1,"patchouli:guide_book":1,"minecraft:torch":6,"cobblemon:white_mint_seeds":3,"biomesoplenty:fir_fence":8,"cobblemon:aspear_berry":8,"biomesoplenty:redwood_stairs":1,"minecraft:iron_hoe":1,"cobblemon:red_mint_seeds":1,"biomesoplenty:redwood_planks":6,"minecraft:rotten_flesh":3,"biomesoplenty:jacaranda_log":18,"biomesoplenty:redwood_fence":2,"minecraft:stone_axe":2,"cobblemon:poke_ball":6,"minecraft:peony":1,"minecraft:mutton":2,"minecraft:skeleton_skull":7,"minecraft:white_wool":1,"minecraft:cobblestone":20,"minecraft:ender_pearl":1},"minecraft:mined":{"biomesoplenty:jacaranda_fence":1,"minecraft:crafting_table":3,"cobblemon:apricorn_leaves":2,"minecraft:torch":1,"gravestone:gravestone":4,"biomesoplenty:bush":11,"minecraft:grass_block":4,"minecraft:stone_brick_wall":2,"minecraft:tall_grass":1,"minecraft:cobblestone":15,"cobblemon:oran_berry":3,"minecraft:wall_torch":1,"mca:cross_headstone":1,"biomesoplenty:tall_lavender":1,"biomesoplenty:fir_fence":11,"minecraft:wheat":12,"biomesoplenty:redwood_fence":2,"minecraft:grass":16,"minecraft:oak_log":1,"biomesoplenty:fir_stairs":3,"cobblemon:white_mint":3,"minecraft:dirt":4},"minecraft:used":{"minecraft:beetroot":2,"minecraft:water_bucket":18,"minecraft:wheat_seeds":16,"minecraft:writable_book":2,"minecraft:stone_sword":23,"minecraft:stone_shovel":15,"minecraft:stone_pickaxe":18,"cobblemon:red_mint_seeds":1,"minecraft:cobblestone_slab":5,"dtbop:jacaranda_seed":4,"minecraft:torch":6,"minecraft:crafting_table":7,"biomesoplenty:redwood_fence":2,"minecraft:stone_brick_wall":2,"minecraft:oak_log":1,"minecraft:iron_hoe":41,"cobblemon:oran_berry":8,"minecraft:stone_axe":23,"cobblemon:red_apricorn_seed":1,"minecraft:cobblestone":15,"minecraft:tall_grass":1,"minecraft:bucket":18,"biomesoplenty:jacaranda_fence":3,"biomesoplenty:fir_fence":17,"cobblemon:white_mint_seeds":3},"minecraft:dropped":{"minecraft:stone_axe":2,"minecraft:wheat_seeds":2,"minecraft:crafting_table":1,"patchouli:guide_book":1,"biomesoplenty:jacaranda_log":9,"cobblemon:aspear_berry":4,"biomesoplenty:redwood_log":12,"minecraft:wooden_axe":1,"gravestone:obituary":4,"minecraft:wooden_pickaxe":1,"biomesoplenty:tall_lavender":1},"minecraft:crafted":{"minecraft:cobblestone_slab":12,"minecraft:stone_shovel":1,"biomesoplenty:jacaranda_planks":36,"minecraft:crafting_table":10,"biomesoplenty:redwood_planks":44,"biomesoplenty:redwood_fence":12,"minecraft:copper_ingot":3,"minecraft:stone_axe":1,"minecraft:air":0,"biomesoplenty:jacaranda_fence":3,"cobblemon:poke_ball":12,"biomesoplenty:fir_fence":15,"minecraft:stick":72,"minecraft:stone_pickaxe":1,"minecraft:stone_sword":1}},"DataVersion":3465}