{"stats":{"minecraft:picked_up":{"minecraft:leather_leggings":1,"minecraft:lead":3,"tconstruct:materials_and_you":1,"wyrmroost:platinum_ore":4,"cavesandcliffs:raw_iron":15,"minecraft:string":10,"minecraft:iron_axe":2,"minecraft:beef":12,"create:zinc_ore":4,"minecraft:iron_pickaxe":1,"natural-progression:stone_pebble":32,"minecraft:egg":2,"cavesandcliffs:amethyst_block":64,"minecraft:torch":1,"sophisticatedbackpacks:backpack":1,"cavesandcliffs:smooth_basalt":25,"alexsmobs:centipede_leg":2,"legend_sword:shadow_dust":1,"minecraft:rotten_flesh":13,"minecraft:arrow":4,"quark:smooth_basalt":3,"firstaid:bandage":5,"minecraft:mutton":3,"minecraft:white_wool":5,"minecraft:cobblestone":7,"minecraft:leather_chestplate":1,"minecraft:cooked_beef":8,"minecraft:leather":11,"minecraft:potato":6,"cavesandcliffs:amethyst_shard":4,"minecraft:oak_log":9,"minecraft:lapis_lazuli":7,"minecraft:dirt":1,"quark:red_crystal":6,"cavesandcliffs:glow_ink_sac":4,"minecraft:leather_boots":1,"minecraft:cooked_mutton":3,"minecraft:bone":3,"minecraft:red_carpet":3,"cavesandcliffs:raw_copper":5,"minecraft:iron_ingot":26,"minecraft:oak_planks":34,"quark:red_crystal_cluster":4,"cavesandcliffs:calcite":81,"legend_sword:glowen_flesh":1,"cavesandcliffs:cobbled_deepslate":18,"minecraft:gravel":2,"minecraft:leather_helmet":1,"quark:cobbled_deepslate":14,"minecraft:bread":29,"minecraft:oak_sapling":4,"minecraft:coal":15},"minecraft:killed_by":{"minecraft:player":1,"wyrmroost:alpine":2,"alexsmobs:centipede_head":7},"minecraft:killed":{"mca:male_zombie_villager":1,"hordes:zombie_player":1,"quark:toretoise":2,"minecraft:drowned":6,"alexsmobs:centipede_head":2,"minecraft:sheep":1,"minecraft:zombie":11,"minecraft:cow":5},"minecraft:mined":{"create:zinc_ore":4,"minecraft:red_carpet":1,"quark:red_crystal":5,"quark:cobbled_deepslate":5,"cavesandcliffs:deepslate_lapis_ore":1,"minecraft:iron_ore":7,"cavesandcliffs:deepslate_copper_ore":1,"wyrmroost:platinum_ore":4,"treechop:chopped_log":4,"cavesandcliffs:smooth_basalt":10,"quark:smooth_basalt":3,"quark:red_crystal_cluster":2,"minecraft:vine":1,"cavesandcliffs:calcite":5,"cavesandcliffs:deepslate_iron_ore":3,"minecraft:stone":8,"sophisticatedbackpacks:backpack":1,"minecraft:cobblestone":4,"cavesandcliffs:budding_amethyst":2,"cavesandcliffs:deepslate_coal_ore":5,"cavesandcliffs:amethyst_block":11,"quark:deepslate":12,"minecraft:grass":5,"minecraft:oak_log":9,"minecraft:coal_ore":6,"quark:monster_box":1,"minecraft:dirt":1,"cavesandcliffs:deepslate":14,"minecraft:oak_leaves":103},"minecraft:dropped":{"minecraft:bread":12,"cavesandcliffs:cobbled_deepslate":15,"minecraft:lapis_lazuli":5,"minecraft:baked_potato":1,"cavesandcliffs:glow_ink_sac":4,"minecraft:cobblestone":6,"natural-progression:stone_pebble":28,"minecraft:leather":1,"quark:red_crystal_cluster":4,"minecraft:coal":12,"minecraft:leather_helmet":1,"minecraft:red_carpet":2,"cavesandcliffs:raw_copper":5,"cavesandcliffs:calcite":81,"tconstruct:materials_and_you":1,"quark:red_crystal":4,"quark:cobbled_deepslate":7,"minecraft:iron_axe":1,"minecraft:iron_pickaxe":1,"minecraft:string":1,"cavesandcliffs:amethyst_block":32,"cavesandcliffs:smooth_basalt":21,"minecraft:rotten_flesh":4,"minecraft:oak_planks":24,"cavesandcliffs:raw_iron":15,"minecraft:leather_chestplate":1,"minecraft:potato":6,"minecraft:leather_boots":1,"minecraft:oak_sapling":1,"minecraft:leather_leggings":1,"create:zinc_ore":4,"minecraft:arrow":2,"cavesandcliffs:amethyst_shard":4},"minecraft:custom":{"minecraft:mob_kills":23,"minecraft:interact_with_crafting_table":8,"minecraft:open_barrel":53,"minecraft:interact_with_campfire":11,"minecraft:leave_game":14,"minecraft:time_since_death":5840,"minecraft:climb_one_cm":6759,"minecraft:sprint_one_cm":313656,"minecraft:walk_one_cm":195703,"minecraft:damage_blocked_by_shield":460,"minecraft:drop":52,"minecraft:deaths":16,"minecraft:sneak_time":8409,"minecraft:walk_under_water_one_cm":5334,"minecraft:jump":1677,"minecraft:walk_on_water_one_cm":15628,"minecraft:interact_with_furnace":4,"minecraft:play_one_minute":100824,"minecraft:sleep_in_bed":4,"minecraft:time_since_rest":5867,"minecraft:waystone_activated":1,"minecraft:damage_taken":4071,"minecraft:damage_dealt":4963,"minecraft:swim_one_cm":2158,"minecraft:fly_one_cm":224613,"minecraft:open_chest":16,"minecraft:crouch_one_cm":20379,"minecraft:fall_one_cm":40365},"minecraft:used":{"quark:cobbled_deepslate":7,"minecraft:shield":15,"minecraft:iron_sword":131,"minecraft:torch":4,"minecraft:dirt":5,"legend_sword:iron_spear":7,"minecraft:lava_bucket":5,"minecraft:iron_axe":23,"quark:smooth_basalt":2,"minecraft:red_carpet":1,"quark:red_crystal":2,"minecraft:cooked_beef":1,"minecraft:cooked_mutton":3,"minecraft:water_bucket":36,"minecraft:baked_potato":8,"minecraft:oak_planks":19,"minecraft:white_wool":2,"cavesandcliffs:cobbled_deepslate":3,"cavesandcliffs:amethyst_block":14,"cavesandcliffs:smooth_basalt":4,"sophisticatedbackpacks:backpack":1,"minecraft:bread":3,"minecraft:iron_pickaxe":116,"minecraft:cobblestone":2,"minecraft:bucket":42,"minecraft:cobweb":5},"minecraft:crafted":{"minecraft:oak_planks":36,"legend_sword:small_stick":2,"firstaid:plaster":1,"minecraft:iron_boots":1,"minecraft:stripped_oak_log":9,"sophisticatedbackpacks:backpack":1,"minecraft:iron_helmet":1,"minecraft:baked_potato":17,"minecraft:iron_sword":1,"minecraft:bucket":1,"legend_sword:iron_spear":1,"minecraft:air":0,"minecraft:iron_chestplate":1,"minecraft:cobblestone":1,"minecraft:shield":1,"minecraft:stick":4,"quark:oak_chest":2,"minecraft:iron_pickaxe":1,"minecraft:iron_leggings":1,"firstaid:bandage":1,"minecraft:torch":12}},"DataVersion":2586}