{"stats":{"minecraft:broken":{"minecraft:stone_pickaxe":1},"minecraft:killed_by":{"minecraft:player":1,"minecraft:enderman":4},"minecraft:custom":{"lootr:looted_stat":5,"minecraft:mob_kills":7,"minecraft:interact_with_crafting_table":45,"minecraft:leave_game":7,"minecraft:time_since_death":5687,"minecraft:climb_one_cm":3284,"minecraft:sprint_one_cm":729506,"minecraft:walk_one_cm":312052,"minecraft:drop":84,"minecraft:play_time":155150,"minecraft:deaths":6,"minecraft:sneak_time":8343,"minecraft:walk_under_water_one_cm":4398,"minecraft:jump":2912,"minecraft:walk_on_water_one_cm":12655,"minecraft:total_world_time":155150,"minecraft:interact_with_furnace":16,"minecraft:sleep_in_bed":13,"minecraft:time_since_rest":5716,"minecraft:waystone_activated":4,"minecraft:damage_taken":3077,"minecraft:damage_dealt":2408,"minecraft:swim_one_cm":2110,"minecraft:player_kills":1,"minecraft:fly_one_cm":620216,"minecraft:open_chest":93,"minecraft:crouch_one_cm":31957,"minecraft:fall_one_cm":102726},"minecraft:killed":{"minecraft:spider":1,"minecraft:phantom":1,"minecraft:zombie":2,"minecraft:cow":1,"minecraft:enderman":2},"minecraft:picked_up":{"biomesoplenty:redwood_log":29,"rats:rat_trap":1,"minecraft:crafting_table":5,"minecraft:wheat":2,"minecraft:allium":2,"minecraft:azure_bluet":1,"minecraft:chicken":1,"cobblemon:red_apricorn":20,"minecraft:stone_brick_wall":2,"minecraft:stone_brick_stairs":1,"minecraft:brick":16,"cobblemon:wepear_berry":1,"minecraft:string":1,"biomesoplenty:jacaranda_fence":6,"minecraft:raw_copper":14,"minecraft:smooth_stone_slab":4,"cobblemon:white_mint_leaf":6,"dtbop:jacaranda_seed":4,"biomesoplenty:tall_lavender":1,"rats:garbage_pile":15,"minecraft:oak_sign":3,"minecraft:cracked_stone_bricks":32,"minecraft:cobbled_deepslate":10,"biomesoplenty:fir_planks":49,"minecraft:bucket":2,"minecraft:beef":3,"cobblemon:oran_berry":95,"minecraft:redstone_torch":2,"dynamictrees:oak_seed":1,"minecraft:chest":1,"minecraft:egg":2,"minecraft:stick":20,"minecraft:raw_iron":30,"cobblemon:pc":1,"rats:plastic_waste":2,"minecraft:torch":9,"cobblemon:white_mint_seeds":3,"minecraft:redstone":65,"minecraft:stone_pressure_plate":1,"minecraft:arrow":1,"biomesoplenty:redwood_planks":6,"minecraft:rotten_flesh":3,"biomesoplenty:jacaranda_log":18,"biomesoplenty:redwood_fence":2,"minecraft:peony":1,"minecraft:white_wool":1,"minecraft:mutton":2,"cobblemon:blue_apricorn":8,"minecraft:skeleton_skull":7,"minecraft:cobblestone":33,"minecraft:stripped_oak_log":4,"biomesoplenty:lavender":5,"minecraft:feather":1,"minecraft:water_bucket":1,"biomesoplenty:goldenrod":2,"minecraft:leather":2,"cobblemon:razz_berry":5,"biomesoplenty:fir_log":32,"minecraft:tuff":2,"minecraft:oak_log":13,"biomesoplenty:fir_stairs":4,"biomesoplenty:jacaranda_planks":47,"minecraft:lapis_lazuli":6,"minecraft:lantern":2,"minecraft:dirt":48,"minecraft:bone":2,"minecraft:stone_bricks":28,"minecraft:bow":1,"minecraft:wheat_seeds":36,"cobblemon:black_apricorn":10,"minecraft:raw_gold":2,"minecraft:mossy_stone_bricks":18,"minecraft:rabbit":1,"minecraft:polished_andesite_slab":4,"minecraft:oak_planks":21,"biomesoplenty:toadstool":3,"cobblemon:red_apricorn_seed":1,"minecraft:sweet_berries":3,"iceandfire:podium_spruce":1,"patchouli:guide_book":1,"cobblemon:black_apricorn_seed":1,"cobblemon:blue_apricorn_seed":2,"biomesoplenty:fir_fence":9,"cobblemon:persim_berry":15,"minecraft:blast_furnace":1,"minecraft:white_bed":2,"cobblemon:aspear_berry":15,"cobblemon:red_mint_seeds":1,"minecraft:iron_hoe":1,"biomesoplenty:redwood_stairs":1,"minecraft:oak_wood":7,"minecraft:diamond":3,"cobblemon:poke_ball":6,"minecraft:stone_axe":2,"waystones:waystone":3,"cobblemon:chesto_berry":20,"minecraft:coal":46,"minecraft:ender_pearl":1},"minecraft:mined":{"minecraft:tuff":2,"minecraft:white_bed":2,"minecraft:farmland":2,"minecraft:oak_door":1,"iceandfire:copper_pile":2,"cobblemon:pc":1,"biomesoplenty:jacaranda_fence":8,"denseores:dense_deepslate_lapis_ore":1,"gravestone:gravestone":6,"biomesoplenty:bush":28,"minecraft:allium":1,"minecraft:stone_brick_wall":2,"minecraft:grass_block":31,"minecraft:decorated_pot":2,"minecraft:polished_andesite_slab":2,"denseores:dense_deepslate_iron_ore":6,"minecraft:oak_wall_sign":3,"biomesoplenty:tall_lavender":1,"dynamictrees:oak_undergrowth_leaves":20,"biomesoplenty:toadstool":2,"minecraft:iron_ore":6,"biomesoplenty:lavender":1,"biomesoplenty:redwood_fence":2,"minecraft:deepslate_iron_ore":1,"minecraft:bookshelf":4,"iceandfire:gold_pile":3,"biomesoplenty:high_grass":23,"biomesoplenty:fir_stairs":3,"minecraft:dirt_path":4,"minecraft:lantern":1,"minecraft:stripped_oak_log":4,"minecraft:stone":8,"minecraft:deepslate_redstone_ore":7,"minecraft:glass_pane":2,"denseores:dense_deepslate_coal_ore":2,"minecraft:torch":1,"minecraft:crafting_table":4,"cobblemon:apricorn_leaves":2,"minecraft:blast_furnace":1,"minecraft:oak_wood":8,"biomesoplenty:fir_planks":9,"minecraft:chest":1,"biomesoplenty:high_grass_plant":14,"minecraft:cobblestone":22,"minecraft:tall_grass":6,"denseores:dense_coal_ore":3,"minecraft:copper_ore":4,"rats:garbage_pile":17,"minecraft:deepslate_gold_ore":1,"minecraft:oak_planks":2,"cobblemon:oran_berry":3,"minecraft:wall_torch":2,"minecraft:spruce_stairs":2,"biomesoplenty:goldenrod":2,"mca:cross_headstone":1,"biomesoplenty:fir_fence":12,"denseores:dense_deepslate_diamond_ore":1,"minecraft:redstone_torch":1,"minecraft:wheat":13,"biomesoplenty:pink_daffodil":1,"minecraft:stone_brick_stairs":1,"minecraft:smooth_stone_slab":1,"minecraft:grass":45,"minecraft:oak_log":13,"minecraft:coal_ore":34,"iceandfire:silver_pile":3,"cobblemon:white_mint":3,"minecraft:dirt":16,"minecraft:cracked_stone_bricks":33,"minecraft:stone_bricks":28,"minecraft:mossy_stone_bricks":19,"minecraft:deepslate":7,"minecraft:fern":4},"minecraft:used":{"minecraft:beetroot":2,"minecraft:writable_book":2,"minecraft:stone_sword":56,"minecraft:stone_shovel":73,"minecraft:oak_sign":3,"minecraft:chest":7,"minecraft:iron_sword":15,"cobblemon:red_mint_seeds":1,"dtbop:jacaranda_seed":4,"minecraft:torch":41,"minecraft:dirt":9,"biomesoplenty:redwood_fence":2,"minecraft:glass":1,"minecraft:iron_hoe":80,"minecraft:lantern":1,"cobblemon:pc":1,"minecraft:tall_grass":1,"minecraft:stone_pressure_plate":1,"biomesoplenty:jacaranda_fence":44,"minecraft:cobbled_deepslate":9,"biomesoplenty:fir_fence":17,"cobblemon:white_mint_seeds":3,"minecraft:wheat_seeds":30,"minecraft:water_bucket":68,"minecraft:stone_pickaxe":142,"minecraft:oak_planks":4,"biomesoplenty:fir_planks":5,"minecraft:cobblestone_slab":5,"minecraft:cracked_stone_bricks":11,"minecraft:crafting_table":11,"minecraft:blast_furnace":1,"cobblemon:black_apricorn_seed":1,"minecraft:white_bed":2,"minecraft:stone_brick_wall":2,"minecraft:oak_log":1,"waystones:waystone":3,"cobblemon:oran_berry":10,"minecraft:iron_pickaxe":72,"minecraft:stone_axe":85,"minecraft:cobblestone":15,"cobblemon:red_apricorn_seed":1,"minecraft:bucket":69,"cobblemon:blue_apricorn_seed":2},"minecraft:dropped":{"minecraft:water_bucket":1,"minecraft:wheat_seeds":2,"minecraft:crafting_table":1,"biomesoplenty:lavender":4,"minecraft:lantern":1,"minecraft:cracked_stone_bricks":4,"cobblemon:oran_berry":40,"biomesoplenty:jacaranda_log":9,"cobblemon:razz_berry":5,"biomesoplenty:redwood_log":12,"minecraft:wooden_axe":1,"gravestone:obituary":6,"minecraft:bucket":2,"biomesoplenty:jacaranda_fence":1,"minecraft:stone_axe":2,"cobblemon:wepear_berry":1,"minecraft:polished_andesite_slab":4,"minecraft:smooth_stone_slab":4,"minecraft:oak_planks":19,"patchouli:guide_book":1,"cobblemon:aspear_berry":11,"biomesoplenty:fir_planks":40,"minecraft:allium":1,"minecraft:redstone_torch":1,"minecraft:stone_pickaxe":1,"minecraft:wooden_pickaxe":1,"biomesoplenty:tall_lavender":1,"rats:garbage_pile":15,"minecraft:brick":16},"minecraft:crafted":{"minecraft:oak_planks":76,"minecraft:cobblestone_slab":12,"minecraft:stone_shovel":1,"minecraft:oak_sign":3,"minecraft:glass":1,"minecraft:stone_pickaxe":2,"minecraft:chest":6,"biomesoplenty:jacaranda_planks":36,"minecraft:crafting_table":10,"biomesoplenty:redwood_planks":44,"biomesoplenty:redwood_fence":12,"minecraft:copper_ingot":3,"minecraft:stone_axe":1,"minecraft:air":0,"biomesoplenty:jacaranda_fence":39,"biomesoplenty:fir_planks":8,"cobblemon:poke_ball":12,"biomesoplenty:fir_fence":15,"minecraft:stick":96,"minecraft:iron_pickaxe":1,"minecraft:stone_sword":1,"minecraft:torch":32,"cobblemon:great_ball":16}},"DataVersion":3465}