{"stats":{"minecraft:broken":{"minecraft:leather_helmet":2,"minecraft:stone_pickaxe":1},"minecraft:killed_by":{"cobblemon:pokemon":1,"minecraft:spider":1,"minecraft:enderman":1,"minecraft:skeleton":2,"minecraft:zombie":2,"iceandfire:ghost":2,"cave_dweller:cave_dweller":1},"minecraft:custom":{"lootr:looted_stat":7,"minecraft:mob_kills":27,"minecraft:interact_with_crafting_table":19,"minecraft:damage_dealt_resisted":95,"minecraft:leave_game":2,"minecraft:time_since_death":34332,"minecraft:climb_one_cm":687,"minecraft:sprint_one_cm":276971,"minecraft:walk_one_cm":567086,"minecraft:damage_blocked_by_shield":485,"minecraft:drop":51,"minecraft:damage_dealt_absorbed":89,"minecraft:play_time":187168,"minecraft:deaths":12,"minecraft:sneak_time":22578,"minecraft:walk_under_water_one_cm":2084,"minecraft:jump":1941,"minecraft:walk_on_water_one_cm":15349,"minecraft:total_world_time":187168,"minecraft:interact_with_furnace":14,"minecraft:sleep_in_bed":3,"minecraft:time_since_rest":11203,"minecraft:waystone_activated":1,"minecraft:damage_taken":4497,"minecraft:damage_dealt":5517,"minecraft:swim_one_cm":2955,"minecraft:fly_one_cm":208024,"minecraft:open_chest":35,"minecraft:crouch_one_cm":57708,"minecraft:fall_one_cm":50358},"minecraft:killed":{"minecraft:spider":1,"minecraft:phantom":1,"minecraft:skeleton":3,"minecraft:creeper":1,"minecraft:sheep":1,"minecraft:zombie":6,"minecraft:glow_squid":2,"minecraft:cow":1,"minecraft:enderman":2},"minecraft:picked_up":{"minecraft:wheat":42,"minecraft:crafting_table":2,"cobblemon:leaf_stone":1,"cobblemon:red_apricorn":7,"minecraft:oak_stairs":5,"gravestone:obituary":2,"iceandfire:manuscript":1,"minecraft:raw_copper":66,"cobblemon:link_cable":1,"iceandfire:bestiary":1,"minecraft:gold_nugget":18,"minecraft:cobbled_deepslate":150,"biomesoplenty:fir_planks":5,"minecraft:beef":2,"cobblemon:oran_berry":17,"cobblemon:dusk_stone":2,"minecraft:chest":2,"minecraft:furnace":1,"minecraft:stick":18,"minecraft:raw_iron":97,"minecraft:torch":4,"sophisticatedbackpacks:backpack":1,"miningmaster:spider_kunzite":4,"minecraft:diorite":17,"miningmaster:spirit_garnet":2,"cobblemon:dawn_stone":1,"minecraft:arrow":4,"minecraft:rotten_flesh":8,"dtbop:fir_seed":5,"minecraft:mutton":2,"minecraft:white_wool":1,"minecraft:cobblestone":153,"biomesoplenty:lavender":1,"minecraft:air":0,"minecraft:glow_ink_sac":8,"minecraft:leather":2,"biomesoplenty:fir_log":57,"minecraft:tuff":12,"biomesoplenty:fir_stairs":3,"minecraft:gunpowder":1,"megamons:anistarite_geode_block":29,"minecraft:lapis_lazuli":137,"minecraft:dirt":20,"minecraft:bone":6,"minecraft:wheat_seeds":97,"minecraft:raw_gold":60,"minecraft:stone_pickaxe":1,"minecraft:iron_ingot":15,"cobblemon:thunder_stone":3,"cobblemon:moon_stone":2,"minecraft:oak_planks":12,"minecraft:book":6,"minecraft:gravel":1,"cobblemon:shiny_stone":1,"mutantmonsters:mutant_skeleton_leggings":1,"megamons:anistarite_rough_geode_block":9,"minecraft:purple_bed":1,"iceandfire:lectern":1,"minecraft:diamond":14,"cobblemon:poke_ball":9,"iceandfire:silver_sword":1,"minecraft:granite":12,"mutantmonsters:mutant_skeleton_boots":1,"cobblemon:ice_stone":3,"minecraft:bread":29,"cobblemon:hard_stone":1,"cobblemon:water_stone":1,"iceandfire:silver_nugget":8,"minecraft:coal":75},"minecraft:mined":{"minecraft:diamond_ore":2,"minecraft:tuff":19,"minecraft:farmland":1,"minecraft:deepslate_diamond_ore":4,"iceandfire:copper_pile":2,"cobblemon:moon_stone_ore":1,"megamons:crystal_shiny_stone_ore":1,"denseores:dense_deepslate_lapis_ore":5,"miningmaster:deepslate_spirit_garnet_ore":1,"gravestone:gravestone":12,"minecraft:granite":12,"biomesoplenty:bush":25,"minecraft:grass_block":8,"megamons:crystal_water_stone_ore":1,"denseores:dense_deepslate_iron_ore":7,"megamons:crystal_dusk_stone_ore":1,"cobblemon:ice_stone_ore":3,"minecraft:iron_ore":14,"minecraft:cobbled_deepslate":5,"biomesoplenty:lavender":1,"minecraft:deepslate_lapis_ore":12,"biomesoplenty:fir_stairs":1,"minecraft:dirt_path":3,"minecraft:bookshelf":2,"denseores:dense_deepslate_gold_ore":10,"iceandfire:gold_pile":3,"minecraft:deepslate_iron_ore":34,"minecraft:oak_stairs":5,"minecraft:stone":152,"megamons:crystal_thunder_stone_ore":3,"megamons:anistarite_rough_geode_block":7,"megamons:anistarite_geode_block":22,"miningmaster:deepslate_spider_kunzite_ore":3,"minecraft:crafting_table":1,"biomesoplenty:fir_planks":5,"denseores:dense_coal_ore":7,"minecraft:copper_ore":19,"minecraft:cobblestone":7,"megamons:crystal_moon_stone_ore":1,"minecraft:deepslate_gold_ore":18,"minecraft:diorite":18,"minecraft:wall_torch":2,"minecraft:purple_bed":1,"cobblemon:deepslate_leaf_stone_ore":1,"minecraft:wheat":46,"cobblemon:dusk_stone_ore":1,"minecraft:grass":8,"megamons:crystal_dawn_stone_ore":1,"minecraft:coal_ore":26,"iceandfire:silver_pile":3,"minecraft:dirt":6,"minecraft:gravel":1,"minecraft:deepslate":153},"minecraft:used":{"minecraft:beetroot":1,"iceandfire:silver_sword":94,"minecraft:chest":4,"minecraft:shield":10,"minecraft:torch":137,"minecraft:dirt":1,"minecraft:iron_hoe":111,"minecraft:wooden_axe":8,"minecraft:oak_stairs":5,"minecraft:furnace":2,"minecraft:cobbled_deepslate":75,"minecraft:wheat_seeds":81,"minecraft:water_bucket":8,"minecraft:leather_leggings":1,"minecraft:stone_pickaxe":242,"minecraft:wooden_pickaxe":21,"biomesoplenty:fir_planks":5,"minecraft:crafting_table":4,"minecraft:diamond_pickaxe":82,"minecraft:bread":28,"minecraft:iron_pickaxe":237,"biomesoplenty:fir_stairs":13,"minecraft:leather_helmet":1,"minecraft:stone_axe":21,"minecraft:cobblestone":26,"minecraft:purple_bed":1,"minecraft:bucket":8,"iceandfire:lectern":1},"minecraft:dropped":{"biomesoplenty:fir_log":28,"minecraft:bread":8,"minecraft:wheat_seeds":8,"dtbop:fir_seed":5,"minecraft:cobblestone":80,"mutantmonsters:mutant_skeleton_boots":1,"minecraft:dirt":3,"minecraft:diorite":17,"gravestone:obituary":14,"minecraft:iron_pickaxe":1,"minecraft:bone":1,"miningmaster:spirit_garnet":1,"minecraft:tuff":12,"minecraft:rotten_flesh":6,"minecraft:iron_hoe":1,"sophisticatedbackpacks:backpack":1,"megamons:anistarite_geode_block":2,"minecraft:diamond_sword":1,"minecraft:leather_chestplate":1,"minecraft:leather_boots":1,"minecraft:chest":2,"mutantmonsters:mutant_skeleton_leggings":1,"minecraft:leather_leggings":1,"minecraft:stone_pickaxe":1,"minecraft:wooden_pickaxe":1},"minecraft:crafted":{"mutantmonsters:mutant_skeleton_leggings":1,"minecraft:furnace":2,"minecraft:iron_boots":1,"minecraft:iron_hoe":1,"mutantmonsters:mutant_skeleton_boots":1,"minecraft:stone_pickaxe":1,"minecraft:chest":4,"minecraft:crafting_table":2,"minecraft:iron_helmet":1,"minecraft:bucket":1,"minecraft:stone_axe":1,"minecraft:air":0,"biomesoplenty:fir_planks":116,"minecraft:iron_chestplate":1,"minecraft:diamond_pickaxe":1,"minecraft:shield":1,"minecraft:stick":40,"minecraft:iron_ingot":31,"minecraft:iron_pickaxe":1,"minecraft:gold_ingot":39,"minecraft:torch":132,"biomesoplenty:fir_stairs":16}},"DataVersion":3465}