{"stats":{"minecraft:mined":{"minecraft:grass_block":1},"minecraft:picked_up":{"dtbop:fir_seed":4,"cobblemon:poke_ball":5,"biomesoplenty:fir_log":57,"minecraft:beef":1,"minecraft:bread":10,"minecraft:dirt":1,"minecraft:stick":17},"minecraft:custom":{"minecraft:time_since_rest":12440,"minecraft:open_chest":5,"minecraft:play_time":12440,"minecraft:waystone_activated":1,"minecraft:crouch_one_cm":28,"minecraft:sprint_one_cm":12474,"lootr:looted_stat":1,"minecraft:damage_taken":194,"minecraft:walk_one_cm":28859,"minecraft:sneak_time":8,"minecraft:mob_kills":1,"minecraft:jump":33,"minecraft:damage_dealt":70,"minecraft:walk_on_water_one_cm":471,"minecraft:time_since_death":12440,"minecraft:total_world_time":12440,"minecraft:interact_with_crafting_table":1,"minecraft:fall_one_cm":2326,"minecraft:fly_one_cm":3018},"minecraft:broken":{"minecraft:leather_helmet":1},"minecraft:used":{"minecraft:beetroot":1,"minecraft:wooden_axe":3,"minecraft:bread":2}},"DataVersion":3465}