{"stats":{"minecraft:dropped":{"biomesoplenty:fir_log":28,"minecraft:cooked_beef":3,"minecraft:dirt":4,"biomesoplenty:redwood_log":21,"gravestone:obituary":61,"minecraft:amethyst_shard":2,"minecraft:iron_pickaxe":1,"cobblemon:great_ball":1,"minecraft:gold_ingot":2,"minecraft:bone":2,"minecraft:rotten_flesh":6,"cobblemon:never_melt_ice":1,"minecraft:leather_chestplate":1,"minecraft:leather_boots":1,"minecraft:chest":2,"minecraft:leather_leggings":1,"minecraft:bread":8,"minecraft:wheat_seeds":9,"dtbop:fir_seed":5,"minecraft:cobblestone":80,"mutantmonsters:mutant_skeleton_boots":1,"relics:roller_skates":1,"minecraft:diorite":17,"minecraft:potion":1,"minecraft:string":1,"miningmaster:spirit_garnet":1,"minecraft:moss_carpet":6,"minecraft:tuff":12,"minecraft:iron_hoe":1,"sophisticatedbackpacks:backpack":1,"megamons:anistarite_geode_block":2,"minecraft:nether_bricks":57,"minecraft:red_terracotta":1,"minecraft:diamond_sword":1,"cobblemon:everstone":1,"minecraft:iron_chestplate":1,"mutantmonsters:mutant_skeleton_leggings":1,"minecraft:stone_pickaxe":1,"minecraft:wooden_pickaxe":1},"minecraft:killed_by":{"cobblemon:pokemon":7,"mutantmonsters:mutant_zombie":2,"minecraft:wither_skeleton":3,"minecraft:creeper":1,"minecraft:blaze":5,"minecraft:zombie":6,"minecraft:player":2,"minecraft:spider":2,"minecraft:enderman":5,"minecraft:skeleton":3,"iceandfire:ghost":3,"cave_dweller:cave_dweller":1},"minecraft:crafted":{"mutantmonsters:mutant_skeleton_leggings":1,"minecraft:oak_planks":16,"minecraft:cooked_chicken":3,"cobblemon:potion":6,"biomesoplenty:redwood_slab":12,"minecraft:bookshelf":21,"minecraft:cooked_mutton":5,"minecraft:iron_bars":16,"minecraft:diamond_leggings":1,"minecraft:iron_boots":1,"cobblemon:super_potion":4,"mutantmonsters:mutant_skeleton_boots":1,"minecraft:chest":5,"minecraft:cooked_rabbit":2,"minecraft:cooked_porkchop":5,"minecraft:crafting_table":3,"minecraft:iron_helmet":2,"minecraft:copper_ingot":14,"cobblemon:hyper_potion":5,"biomesoplenty:fir_planks":116,"biomesoplenty:redwood_button":10,"minecraft:iron_chestplate":1,"minecraft:diamond_pickaxe":1,"minecraft:shield":1,"sophisticatedbackpacks:diamond_backpack":2,"minecraft:stick":76,"minecraft:iron_ingot":78,"minecraft:iron_pickaxe":1,"minecraft:gold_ingot":75,"cobblemon:revive":4,"biomesoplenty:fir_stairs":16,"cobblemon:exp_share":1,"minecraft:iron_nugget":207,"minecraft:furnace":2,"minecraft:bone_meal":51,"biomesoplenty:redwood_trapdoor":22,"minecraft:iron_axe":1,"minecraft:iron_hoe":1,"minecraft:stone_pickaxe":1,"biomesoplenty:redwood_stairs":52,"minecraft:cooked_beef":8,"cobblemon:electirizer":1,"minecraft:enchanting_table":1,"biomesoplenty:redwood_planks":336,"biomesoplenty:redwood_fence":12,"sophisticatedbackpacks:gold_backpack":1,"minecraft:bucket":1,"minecraft:stone_axe":1,"minecraft:glowstone":12,"minecraft:bread":44,"minecraft:air":0,"minecraft:blue_dye":3,"minecraft:gold_nugget":63,"minecraft:iron_shovel":1,"minecraft:white_bed":1,"minecraft:torch":168,"cobblemon:ultra_ball":36,"cobblemon:great_ball":2,"minecraft:diamond_chestplate":1},"minecraft:killed":{"minecraft:spider":5,"minecraft:skeleton":7,"minecraft:guardian":1,"minecraft:pig":3,"minecraft:creeper":1,"minecraft:sheep":5,"minecraft:trader_llama":2,"minecraft:pillager":6,"minecraft:zombie":10,"minecraft:glow_squid":2,"minecraft:blaze":4,"minecraft:cow":7,"minecraft:phantom":1,"minecraft:drowned":1,"cobblemon:pokemon":3,"minecraft:wither_skeleton":2,"minecraft:enderman":3},"minecraft:mined":{"minecraft:large_amethyst_bud":1,"minecraft:spruce_planks":1,"minecraft:white_bed":3,"minecraft:farmland":1,"iceandfire:copper_pile":2,"cobblemon:dawn_stone_ore":1,"minecraft:cobblestone_stairs":3,"minecraft:red_nether_bricks":3,"denseores:dense_deepslate_lapis_ore":5,"minecraft:obsidian":21,"megamons:crystal_shiny_stone_ore":1,"minecraft:granite":12,"minecraft:red_sand":84,"minecraft:grass_block":18,"minecraft:white_concrete":4,"minecraft:coal_block":11,"megamons:crystal_dusk_stone_ore":1,"cobblemon:ice_stone_ore":3,"minecraft:tall_seagrass":2,"rats:rat_trap":2,"minecraft:magma_block":4,"minecraft:glowstone":16,"minecraft:iron_ore":14,"minecraft:cobbled_deepslate":5,"minecraft:fire":12,"biomesoplenty:lavender":1,"minecraft:moss_carpet":12,"minecraft:deepslate_lapis_ore":12,"denseores:dense_deepslate_gold_ore":16,"iceandfire:gold_pile":3,"biomesoplenty:redwood_log":44,"minecraft:dirt_path":12,"minecraft:oak_stairs":5,"denseores:dense_nether_quartz_ore":1,"minecraft:player_head":1,"minecraft:deepslate_redstone_ore":3,"megamons:anistarite_geode_block":22,"minecraft:red_bed":9,"minecraft:kelp_plant":2,"minecraft:medium_amethyst_bud":1,"minecraft:amethyst_cluster":1,"rats:rat_attractor":1,"minecraft:nether_quartz_ore":13,"denseores:dense_coal_ore":7,"minecraft:cobblestone":19,"megamons:crystal_moon_stone_ore":1,"minecraft:grindstone":1,"minecraft:wall_torch":2,"minecraft:amethyst_block":7,"minecraft:seagrass":2,"cobblemon:deepslate_leaf_stone_ore":1,"denseores:dense_deepslate_diamond_ore":1,"minecraft:wheat":218,"minecraft:jukebox":1,"cobblemon:persim_berry":1,"cobblemon:dusk_stone_ore":1,"minecraft:wither_rose":1,"minecraft:grass":41,"minecraft:sand":10,"minecraft:dirt":28,"minecraft:netherrack":251,"minecraft:deepslate":166,"cobblemon:healing_machine":4,"minecraft:diamond_ore":2,"minecraft:tuff":20,"minecraft:mossy_cobblestone":2,"minecraft:deepslate_diamond_ore":5,"cobblemon:moon_stone_ore":1,"miningmaster:deepslate_spirit_garnet_ore":1,"minecraft:nether_bricks":100,"gravestone:gravestone":40,"biomesoplenty:bush":32,"minecraft:decorated_pot":2,"megamons:crystal_water_stone_ore":1,"minecraft:brick_stairs":2,"minecraft:redstone_wire":1,"denseores:dense_deepslate_iron_ore":7,"minecraft:moss_block":4,"minecraft:kelp":1,"biomesoplenty:redwood_trapdoor":1,"minecraft:cracked_nether_bricks":2,"dynamictrees:oak_undergrowth_leaves":33,"minecraft:red_sandstone":99,"denseores:dense_deepslate_redstone_ore":1,"biomesoplenty:redwood_stairs":11,"minecraft:bookshelf":25,"biomesoplenty:fir_stairs":5,"minecraft:deepslate_iron_ore":34,"minecraft:stripped_oak_log":1,"minecraft:stone":185,"megamons:crystal_thunder_stone_ore":3,"minecraft:smithing_table":1,"megamons:anistarite_rough_geode_block":7,"biomesoplenty:redwood_planks":18,"minecraft:chiseled_nether_bricks":1,"minecraft:basalt":156,"miningmaster:deepslate_spider_kunzite_ore":3,"minecraft:fire_coral":1,"minecraft:crafting_table":3,"minecraft:cornflower":3,"biomesoplenty:fir_planks":6,"minecraft:campfire":1,"biomesoplenty:high_grass_plant":4,"minecraft:copper_ore":19,"minecraft:tall_grass":4,"minecraft:deepslate_gold_ore":18,"minecraft:diorite":18,"minecraft:purple_bed":1,"minecraft:red_terracotta":21,"biomesoplenty:redwood_slab":1,"minecraft:coarse_dirt":1,"megamons:crystal_dawn_stone_ore":1,"minecraft:coal_ore":52,"iceandfire:silver_pile":3,"dtbop:redwood_sapling":1,"minecraft:gravel":1,"minecraft:dark_oak_planks":1},"minecraft:broken":{"minecraft:stone_pickaxe":1,"mutantmonsters:mutant_skeleton_leggings":1,"mutantmonsters:mutant_skeleton_boots":1,"minecraft:leather_helmet":2,"minecraft:iron_helmet":1},"minecraft:custom":{"lootr:looted_stat":68,"minecraft:interact_with_crafting_table":64,"minecraft:open_barrel":5,"minecraft:leave_game":27,"minecraft:time_since_death":173588,"minecraft:sprint_one_cm":1849011,"minecraft:damage_blocked_by_shield":1714,"minecraft:drop":119,"minecraft:talked_to_villager":1,"minecraft:play_time":1109140,"minecraft:deaths":49,"minecraft:jump":9137,"minecraft:walk_on_water_one_cm":134678,"minecraft:interact_with_furnace":48,"minecraft:traded_with_villager":21,"minecraft:sleep_in_bed":43,"minecraft:waystone_activated":4,"minecraft:damage_dealt":16332,"minecraft:player_kills":1,"minecraft:crouch_one_cm":120892,"minecraft:interact_with_smoker":1,"minecraft:interact_with_smithing_table":10,"minecraft:interact_with_anvil":1,"minecraft:mob_kills":79,"minecraft:damage_dealt_resisted":95,"minecraft:climb_one_cm":4943,"minecraft:walk_one_cm":2249717,"minecraft:damage_dealt_absorbed":89,"minecraft:sneak_time":53106,"minecraft:walk_under_water_one_cm":101714,"minecraft:total_world_time":1109140,"minecraft:time_since_rest":19683,"minecraft:damage_taken":18673,"minecraft:trigger_trapped_chest":3,"minecraft:swim_one_cm":352218,"minecraft:fly_one_cm":1942650,"minecraft:open_chest":249,"minecraft:fall_one_cm":287027},"minecraft:used":{"iceandfire:lectern":1,"minecraft:moss_block":3,"minecraft:beetroot":1,"minecraft:moss_carpet":4,"minecraft:red_sand":1,"minecraft:iron_shovel":173,"minecraft:chest":5,"minecraft:shield":36,"minecraft:white_terracotta":1,"biomesoplenty:redwood_fence":12,"minecraft:nether_bricks":17,"minecraft:carrot":4,"minecraft:obsidian":10,"rats:rat_trap":1,"minecraft:lantern":1,"minecraft:furnace":3,"biomesoplenty:redwood_trapdoor":23,"minecraft:egg":1,"minecraft:leather_leggings":1,"minecraft:stone_pickaxe":242,"minecraft:wooden_pickaxe":21,"biomesoplenty:fir_planks":5,"minecraft:cookie":26,"minecraft:sand":8,"cobblemon:yellow_apricorn_seed":2,"waystones:waystone":2,"minecraft:bread":89,"biomesoplenty:fir_stairs":22,"minecraft:red_terracotta":9,"minecraft:smithing_table":1,"minecraft:cooked_rabbit":2,"minecraft:coarse_dirt":2,"minecraft:bone_meal":43,"minecraft:enchanting_table":1,"iceandfire:silver_sword":325,"biomesoplenty:redwood_planks":15,"minecraft:cooked_salmon":17,"dynamictrees:oak_seed":1,"minecraft:cooked_chicken":2,"minecraft:netherrack":8,"minecraft:torch":174,"minecraft:dirt":51,"biomesoplenty:redwood_log":98,"minecraft:iron_hoe":111,"minecraft:wooden_axe":8,"minecraft:bookshelf":18,"cobblemon:aspear_berry":1,"minecraft:iron_axe":15,"minecraft:oak_stairs":5,"cobblemon:pink_apricorn_seed":1,"minecraft:basalt":119,"biomesoplenty:redwood_button":4,"minecraft:cooked_beef":5,"minecraft:cobbled_deepslate":84,"biomesoplenty:redwood_slab":13,"minecraft:wheat_seeds":236,"minecraft:cooked_mutton":5,"minecraft:water_bucket":8,"minecraft:cobblestone_stairs":3,"minecraft:glass_bottle":2,"rats:rat_attractor":1,"minecraft:mossy_cobblestone":2,"dtbop:redwood_seed":9,"minecraft:crafting_table":8,"minecraft:red_bed":9,"minecraft:white_bed":5,"cobblemon:healing_machine":4,"minecraft:diamond_pickaxe":937,"minecraft:iron_pickaxe":237,"minecraft:leather_helmet":1,"minecraft:stone_axe":106,"minecraft:cobblestone":58,"minecraft:potion":2,"minecraft:purple_bed":1,"minecraft:cooked_porkchop":5,"minecraft:bucket":8,"biomesoplenty:redwood_stairs":58,"minecraft:diamond_leggings":1,"minecraft:jukebox":1},"minecraft:picked_up":{"cobblemon:leaf_stone":1,"minecraft:iron_chestplate":1,"minecraft:wheat":182,"minecraft:lead":2,"minecraft:smithing_table":1,"cobblemon:red_apricorn":16,"minecraft:oak_stairs":5,"minecraft:wither_rose":1,"minecraft:amethyst_block":7,"iceandfire:manuscript":1,"minecraft:string":5,"minecraft:raw_copper":66,"minecraft:red_nether_bricks":2,"minecraft:cobbled_deepslate":162,"minecraft:red_sand":61,"minecraft:diamond_leggings":1,"biomesoplenty:redwood_slab":1,"minecraft:gold_nugget":18,"biomesoplenty:fir_planks":8,"minecraft:spruce_planks":1,"cobblemon:oran_berry":70,"minecraft:rose_bush":1,"dynamictrees:oak_seed":1,"cobblemon:quick_ball":13,"minecraft:coal_block":11,"minecraft:furnace":1,"minecraft:stick":35,"cobblemon:babiri_berry":1,"minecraft:jukebox":1,"minecraft:torch":6,"minecraft:porkchop":5,"minecraft:diorite":17,"cobblemon:never_melt_ice":1,"minecraft:chiseled_nether_bricks":1,"minecraft:rotten_flesh":18,"dtbop:fir_seed":5,"biomesoplenty:redwood_trapdoor":1,"minecraft:white_terracotta":1,"minecraft:obsidian":21,"minecraft:cobblestone":194,"biomesoplenty:lavender":3,"minecraft:magma_block":1,"relics:roller_skates":1,"minecraft:feather":7,"cobblemon:great_ball":2,"cobblemon:ultra_ball":9,"biomesoplenty:fir_log":57,"minecraft:tuff":12,"biomesoplenty:fir_stairs":15,"minecraft:lapis_lazuli":149,"megamons:anistarite_geode_block":29,"minecraft:dirt":64,"minecraft:lantern":1,"pkgbadges:the_boulder_badge":1,"minecraft:bone":36,"rats:rat_attractor":1,"minecraft:wheat_seeds":486,"cobblemon:black_apricorn":19,"minecraft:raw_gold":75,"cobblemon:potion":2,"minecraft:grindstone":1,"cobblemon:thunder_stone":3,"minecraft:rabbit":4,"minecraft:diamond_helmet":1,"minecraft:glowstone_dust":48,"cobblemon:moon_stone":2,"minecraft:moss_block":4,"minecraft:oak_planks":12,"iceandfire:amphithere_feather":7,"cobblemon:shiny_stone":1,"minecraft:sand":8,"cobblemon:persim_berry":14,"sophisticatedbackpacks:iron_backpack":1,"minecraft:ink_sac":3,"mutantmonsters:mutant_skeleton_leggings":1,"cobblemon:aspear_berry":5,"minecraft:red_terracotta":27,"minecraft:mossy_cobblestone":3,"megamons:anistarite_rough_geode_block":9,"cobblemon:healing_machine":4,"minecraft:diamond":19,"cobblemon:poke_ball":41,"iceandfire:lectern":1,"waystones:waystone":2,"minecraft:granite":12,"minecraft:white_concrete":2,"cobblemon:ice_stone":3,"minecraft:bread":66,"cobblemon:hard_stone":1,"cobblemon:chesto_berry":12,"minecraft:netherrack":248,"iceandfire:silver_nugget":8,"minecraft:coarse_dirt":2,"rats:rat_trap":2,"biomesoplenty:redwood_log":263,"minecraft:charcoal":2,"minecraft:crafting_table":5,"minecraft:allium":1,"iceandfire:witherbone":2,"minecraft:chicken":8,"minecraft:ladder":1,"cobblemon:yellow_apricorn":27,"gravestone:obituary":23,"minecraft:brick":4,"minecraft:cornflower":3,"minecraft:red_bed":10,"biomesoplenty:jacaranda_fence":3,"minecraft:moss_carpet":10,"cobblemon:link_cable":1,"iceandfire:bestiary":1,"cobblemon:green_apricorn":6,"minecraft:beef":14,"cobblemon:relic_coin":28,"minecraft:player_head":1,"cobblemon:dusk_stone":2,"minecraft:chest":2,"cobblemon:green_apricorn_seed":1,"minecraft:egg":1,"minecraft:raw_iron":97,"sophisticatedbackpacks:backpack":1,"miningmaster:spider_kunzite":4,"minecraft:carrot":1,"minecraft:redstone":36,"minecraft:mangrove_trapdoor":2,"minecraft:dark_oak_planks":1,"miningmaster:spirit_garnet":2,"biomesoplenty:redwood_planks":31,"cobblemon:dawn_stone":2,"minecraft:arrow":4,"minecraft:diamond_chestplate":1,"minecraft:decorated_pot":1,"cobblemon:everstone":1,"minecraft:nether_bricks":123,"minecraft:diamond_boots":1,"minecraft:gold_ingot":1,"minecraft:brick_stairs":2,"minecraft:mutton":9,"cobblemon:blue_apricorn":7,"minecraft:white_wool":5,"minecraft:air":0,"minecraft:basalt":135,"minecraft:glow_ink_sac":8,"minecraft:salmon":2,"minecraft:leather":10,"rats:cheese":2,"minecraft:oak_log":4,"minecraft:gunpowder":1,"minecraft:cobblestone_stairs":3,"minecraft:stone_bricks":1,"minecraft:kelp":2,"minecraft:red_sandstone":93,"minecraft:rabbit_hide":4,"minecraft:iron_ingot":18,"minecraft:stone_pickaxe":1,"minecraft:book":75,"cobblemon:red_apricorn_seed":5,"cobblemon:black_apricorn_seed":1,"minecraft:quartz":13,"minecraft:cracked_nether_bricks":2,"cobblemon:blue_apricorn_seed":1,"minecraft:gravel":1,"dtbop:redwood_seed":9,"cobblemon:yellow_apricorn_seed":3,"minecraft:amethyst_shard":6,"minecraft:white_bed":4,"minecraft:spider_eye":1,"biomesoplenty:redwood_stairs":10,"minecraft:purple_bed":1,"iceandfire:silver_sword":1,"minecraft:iron_helmet":1,"mutantmonsters:mutant_skeleton_boots":1,"cobblemon:water_stone":1,"minecraft:coal":101,"minecraft:ender_pearl":1}},"DataVersion":3465}