{"stats":{"minecraft:dropped":{"biomesoplenty:fir_log":28,"minecraft:dirt":4,"biomesoplenty:redwood_log":21,"gravestone:obituary":43,"minecraft:amethyst_shard":2,"cobblemon:great_ball":1,"minecraft:iron_pickaxe":1,"minecraft:gold_ingot":2,"minecraft:bone":2,"minecraft:rotten_flesh":6,"cobblemon:never_melt_ice":1,"minecraft:leather_chestplate":1,"minecraft:leather_boots":1,"minecraft:chest":2,"minecraft:leather_leggings":1,"minecraft:bread":8,"minecraft:wheat_seeds":8,"dtbop:fir_seed":5,"mutantmonsters:mutant_skeleton_boots":1,"minecraft:cobblestone":80,"relics:roller_skates":1,"minecraft:diorite":17,"miningmaster:spirit_garnet":1,"minecraft:tuff":12,"minecraft:iron_hoe":1,"sophisticatedbackpacks:backpack":1,"megamons:anistarite_geode_block":2,"minecraft:diamond_sword":1,"mutantmonsters:mutant_skeleton_leggings":1,"minecraft:stone_pickaxe":1,"minecraft:wooden_pickaxe":1},"minecraft:killed_by":{"cobblemon:pokemon":1,"mutantmonsters:mutant_zombie":2,"minecraft:creeper":1,"minecraft:blaze":3,"minecraft:zombie":5,"minecraft:player":1,"minecraft:spider":2,"minecraft:enderman":4,"minecraft:skeleton":3,"iceandfire:ghost":3,"cave_dweller:cave_dweller":1},"minecraft:crafted":{"mutantmonsters:mutant_skeleton_leggings":1,"minecraft:oak_planks":16,"minecraft:cooked_chicken":2,"cobblemon:potion":6,"minecraft:iron_boots":1,"cobblemon:super_potion":4,"mutantmonsters:mutant_skeleton_boots":1,"minecraft:chest":4,"minecraft:cooked_rabbit":1,"minecraft:crafting_table":2,"minecraft:iron_helmet":2,"minecraft:copper_ingot":14,"biomesoplenty:fir_planks":116,"biomesoplenty:redwood_button":10,"minecraft:iron_chestplate":1,"minecraft:diamond_pickaxe":1,"minecraft:shield":1,"sophisticatedbackpacks:diamond_backpack":2,"minecraft:stick":72,"minecraft:iron_ingot":56,"minecraft:iron_pickaxe":1,"minecraft:gold_ingot":39,"biomesoplenty:fir_stairs":16,"cobblemon:exp_share":1,"minecraft:iron_nugget":81,"minecraft:furnace":2,"minecraft:bone_meal":51,"biomesoplenty:redwood_trapdoor":18,"minecraft:iron_hoe":1,"minecraft:stone_pickaxe":1,"biomesoplenty:redwood_stairs":28,"biomesoplenty:redwood_planks":124,"biomesoplenty:redwood_fence":12,"sophisticatedbackpacks:gold_backpack":1,"minecraft:bucket":1,"minecraft:stone_axe":1,"minecraft:bread":6,"minecraft:air":0,"minecraft:blue_dye":3,"minecraft:iron_shovel":1,"minecraft:torch":168,"cobblemon:ultra_ball":36,"cobblemon:great_ball":2},"minecraft:killed":{"minecraft:spider":5,"minecraft:skeleton":7,"minecraft:pig":3,"minecraft:creeper":1,"minecraft:sheep":5,"minecraft:trader_llama":2,"minecraft:zombie":10,"minecraft:glow_squid":2,"minecraft:cow":4,"minecraft:blaze":4,"minecraft:phantom":1,"cobblemon:pokemon":2,"minecraft:enderman":3},"minecraft:mined":{"minecraft:large_amethyst_bud":1,"minecraft:white_bed":2,"minecraft:farmland":1,"iceandfire:copper_pile":2,"megamons:crystal_shiny_stone_ore":1,"minecraft:obsidian":21,"denseores:dense_deepslate_lapis_ore":5,"minecraft:granite":12,"minecraft:red_sand":75,"minecraft:grass_block":18,"minecraft:coal_block":11,"megamons:crystal_dusk_stone_ore":1,"cobblemon:ice_stone_ore":3,"minecraft:tall_seagrass":2,"rats:rat_trap":2,"minecraft:magma_block":3,"minecraft:iron_ore":14,"minecraft:cobbled_deepslate":5,"minecraft:fire":4,"biomesoplenty:lavender":1,"minecraft:deepslate_lapis_ore":12,"denseores:dense_deepslate_gold_ore":16,"biomesoplenty:redwood_log":43,"iceandfire:gold_pile":3,"minecraft:dirt_path":12,"minecraft:oak_stairs":5,"denseores:dense_nether_quartz_ore":1,"minecraft:player_head":1,"minecraft:deepslate_redstone_ore":3,"megamons:anistarite_geode_block":22,"minecraft:red_bed":7,"minecraft:medium_amethyst_bud":1,"minecraft:amethyst_cluster":1,"rats:rat_attractor":1,"minecraft:nether_quartz_ore":13,"denseores:dense_coal_ore":7,"minecraft:cobblestone":9,"megamons:crystal_moon_stone_ore":1,"minecraft:grindstone":1,"minecraft:wall_torch":2,"minecraft:amethyst_block":7,"minecraft:seagrass":2,"denseores:dense_deepslate_diamond_ore":1,"cobblemon:deepslate_leaf_stone_ore":1,"minecraft:wheat":46,"minecraft:jukebox":1,"cobblemon:persim_berry":1,"cobblemon:dusk_stone_ore":1,"minecraft:grass":35,"minecraft:sand":10,"minecraft:dirt":28,"minecraft:netherrack":244,"minecraft:deepslate":166,"cobblemon:healing_machine":1,"minecraft:diamond_ore":2,"minecraft:tuff":20,"minecraft:mossy_cobblestone":1,"minecraft:deepslate_diamond_ore":5,"cobblemon:moon_stone_ore":1,"miningmaster:deepslate_spirit_garnet_ore":1,"gravestone:gravestone":30,"biomesoplenty:bush":31,"minecraft:decorated_pot":1,"megamons:crystal_water_stone_ore":1,"minecraft:redstone_wire":1,"denseores:dense_deepslate_iron_ore":7,"dynamictrees:oak_undergrowth_leaves":33,"minecraft:red_sandstone":76,"denseores:dense_deepslate_redstone_ore":1,"biomesoplenty:redwood_stairs":9,"minecraft:bookshelf":25,"minecraft:deepslate_iron_ore":34,"biomesoplenty:fir_stairs":5,"minecraft:stone":172,"megamons:crystal_thunder_stone_ore":3,"minecraft:smithing_table":1,"megamons:anistarite_rough_geode_block":7,"minecraft:basalt":155,"miningmaster:deepslate_spider_kunzite_ore":3,"minecraft:crafting_table":2,"minecraft:cornflower":3,"biomesoplenty:fir_planks":6,"minecraft:campfire":1,"biomesoplenty:high_grass_plant":4,"minecraft:tall_grass":1,"minecraft:copper_ore":19,"minecraft:deepslate_gold_ore":18,"minecraft:diorite":18,"minecraft:purple_bed":1,"minecraft:red_terracotta":13,"minecraft:coarse_dirt":1,"megamons:crystal_dawn_stone_ore":1,"minecraft:coal_ore":52,"iceandfire:silver_pile":3,"dtbop:redwood_sapling":1,"minecraft:gravel":1},"minecraft:broken":{"minecraft:stone_pickaxe":1,"minecraft:leather_helmet":2,"minecraft:iron_helmet":1},"minecraft:custom":{"lootr:looted_stat":20,"minecraft:interact_with_crafting_table":43,"minecraft:leave_game":11,"minecraft:time_since_death":3297,"minecraft:sprint_one_cm":988265,"minecraft:damage_blocked_by_shield":1015,"minecraft:drop":90,"minecraft:play_time":604161,"minecraft:deaths":32,"minecraft:jump":4984,"minecraft:walk_on_water_one_cm":65175,"minecraft:interact_with_furnace":28,"minecraft:traded_with_villager":12,"minecraft:sleep_in_bed":25,"minecraft:waystone_activated":1,"minecraft:damage_dealt":12926,"minecraft:player_kills":1,"minecraft:crouch_one_cm":110397,"minecraft:interact_with_smithing_table":1,"minecraft:mob_kills":62,"minecraft:damage_dealt_resisted":95,"minecraft:climb_one_cm":1755,"minecraft:walk_one_cm":1674774,"minecraft:damage_dealt_absorbed":89,"minecraft:sneak_time":47123,"minecraft:walk_under_water_one_cm":44803,"minecraft:total_world_time":604161,"minecraft:time_since_rest":3392,"minecraft:damage_taken":11771,"minecraft:swim_one_cm":102496,"minecraft:fly_one_cm":914729,"minecraft:open_chest":135,"minecraft:fall_one_cm":203134},"minecraft:used":{"iceandfire:lectern":1,"minecraft:beetroot":1,"minecraft:red_sand":1,"minecraft:iron_shovel":173,"minecraft:chest":4,"minecraft:shield":22,"minecraft:white_terracotta":1,"biomesoplenty:redwood_fence":12,"minecraft:carrot":4,"minecraft:obsidian":10,"rats:rat_trap":1,"minecraft:lantern":1,"minecraft:furnace":3,"biomesoplenty:redwood_trapdoor":18,"minecraft:leather_leggings":1,"minecraft:stone_pickaxe":242,"minecraft:wooden_pickaxe":21,"biomesoplenty:fir_planks":5,"minecraft:cookie":26,"minecraft:sand":8,"cobblemon:yellow_apricorn_seed":2,"minecraft:bread":64,"biomesoplenty:fir_stairs":22,"minecraft:red_terracotta":1,"minecraft:smithing_table":1,"minecraft:cooked_rabbit":1,"minecraft:coarse_dirt":2,"minecraft:bone_meal":43,"iceandfire:silver_sword":257,"dynamictrees:oak_seed":1,"minecraft:cooked_chicken":2,"minecraft:netherrack":8,"minecraft:torch":173,"minecraft:dirt":51,"biomesoplenty:redwood_log":89,"minecraft:iron_hoe":111,"minecraft:wooden_axe":8,"cobblemon:aspear_berry":1,"minecraft:oak_stairs":5,"cobblemon:pink_apricorn_seed":1,"minecraft:basalt":119,"biomesoplenty:redwood_button":4,"minecraft:cobbled_deepslate":84,"minecraft:wheat_seeds":81,"minecraft:water_bucket":8,"rats:rat_attractor":1,"minecraft:mossy_cobblestone":1,"dtbop:redwood_seed":9,"minecraft:crafting_table":6,"minecraft:red_bed":7,"minecraft:white_bed":2,"cobblemon:healing_machine":1,"minecraft:diamond_pickaxe":726,"minecraft:iron_pickaxe":237,"minecraft:leather_helmet":1,"minecraft:stone_axe":106,"minecraft:cobblestone":44,"minecraft:purple_bed":1,"minecraft:bucket":8,"biomesoplenty:redwood_stairs":33,"minecraft:jukebox":1},"minecraft:picked_up":{"cobblemon:leaf_stone":1,"minecraft:wheat":42,"minecraft:lead":2,"minecraft:smithing_table":1,"cobblemon:red_apricorn":16,"minecraft:oak_stairs":5,"minecraft:amethyst_block":7,"iceandfire:manuscript":1,"minecraft:string":4,"minecraft:raw_copper":66,"minecraft:red_sand":54,"minecraft:gold_nugget":18,"minecraft:cobbled_deepslate":162,"biomesoplenty:fir_planks":8,"cobblemon:oran_berry":64,"minecraft:rose_bush":1,"dynamictrees:oak_seed":1,"minecraft:coal_block":11,"minecraft:furnace":1,"minecraft:stick":35,"minecraft:jukebox":1,"minecraft:torch":5,"minecraft:porkchop":5,"minecraft:diorite":17,"cobblemon:never_melt_ice":1,"minecraft:rotten_flesh":17,"dtbop:fir_seed":5,"minecraft:white_terracotta":1,"minecraft:obsidian":21,"minecraft:cobblestone":171,"biomesoplenty:lavender":3,"minecraft:magma_block":1,"relics:roller_skates":1,"minecraft:feather":3,"cobblemon:great_ball":1,"cobblemon:ultra_ball":6,"biomesoplenty:fir_log":57,"minecraft:tuff":12,"biomesoplenty:fir_stairs":15,"minecraft:lapis_lazuli":149,"megamons:anistarite_geode_block":29,"minecraft:dirt":64,"minecraft:lantern":1,"pkgbadges:the_boulder_badge":1,"minecraft:bone":24,"rats:rat_attractor":1,"cobblemon:black_apricorn":19,"minecraft:wheat_seeds":100,"cobblemon:potion":2,"minecraft:raw_gold":75,"minecraft:grindstone":1,"cobblemon:thunder_stone":3,"minecraft:rabbit":1,"cobblemon:moon_stone":2,"minecraft:oak_planks":12,"cobblemon:shiny_stone":1,"minecraft:sand":8,"cobblemon:persim_berry":14,"sophisticatedbackpacks:iron_backpack":1,"mutantmonsters:mutant_skeleton_leggings":1,"cobblemon:aspear_berry":5,"minecraft:red_terracotta":19,"minecraft:mossy_cobblestone":2,"megamons:anistarite_rough_geode_block":9,"cobblemon:healing_machine":1,"minecraft:diamond":19,"cobblemon:poke_ball":17,"iceandfire:lectern":1,"minecraft:granite":12,"cobblemon:ice_stone":3,"minecraft:bread":58,"cobblemon:hard_stone":1,"minecraft:netherrack":244,"iceandfire:silver_nugget":8,"rats:rat_trap":2,"minecraft:charcoal":2,"biomesoplenty:redwood_log":178,"minecraft:coarse_dirt":2,"minecraft:crafting_table":4,"minecraft:allium":1,"minecraft:chicken":4,"cobblemon:yellow_apricorn":25,"gravestone:obituary":18,"minecraft:brick":4,"minecraft:cornflower":3,"biomesoplenty:jacaranda_fence":3,"minecraft:red_bed":8,"cobblemon:link_cable":1,"iceandfire:bestiary":1,"cobblemon:green_apricorn":6,"minecraft:beef":8,"minecraft:player_head":1,"cobblemon:dusk_stone":2,"minecraft:chest":2,"cobblemon:green_apricorn_seed":1,"minecraft:raw_iron":97,"sophisticatedbackpacks:backpack":1,"miningmaster:spider_kunzite":4,"minecraft:carrot":1,"minecraft:redstone":36,"minecraft:mangrove_trapdoor":2,"miningmaster:spirit_garnet":2,"cobblemon:dawn_stone":1,"minecraft:arrow":4,"minecraft:mutton":7,"cobblemon:blue_apricorn":7,"minecraft:white_wool":4,"minecraft:air":0,"minecraft:basalt":135,"minecraft:glow_ink_sac":8,"minecraft:salmon":1,"minecraft:leather":8,"rats:cheese":2,"minecraft:oak_log":4,"minecraft:gunpowder":1,"minecraft:red_sandstone":71,"minecraft:rabbit_hide":1,"minecraft:iron_ingot":15,"minecraft:stone_pickaxe":1,"minecraft:book":75,"cobblemon:red_apricorn_seed":5,"cobblemon:black_apricorn_seed":1,"minecraft:quartz":13,"cobblemon:blue_apricorn_seed":1,"minecraft:gravel":1,"dtbop:redwood_seed":9,"cobblemon:yellow_apricorn_seed":2,"minecraft:amethyst_shard":6,"minecraft:white_bed":2,"minecraft:spider_eye":1,"biomesoplenty:redwood_stairs":8,"minecraft:purple_bed":1,"iceandfire:silver_sword":1,"mutantmonsters:mutant_skeleton_boots":1,"cobblemon:water_stone":1,"minecraft:coal":99,"minecraft:ender_pearl":1}},"DataVersion":3465}