{"stats":{"minecraft:dropped":{"gravestone:obituary":1},"minecraft:killed_by":{"minecraft:creeper":1},"minecraft:mined":{"cobblemon:medicinal_leek":6},"minecraft:custom":{"minecraft:time_since_rest":4980,"minecraft:play_time":11641,"lootr:looted_stat":3,"minecraft:sprint_one_cm":19106,"minecraft:walk_one_cm":4492,"minecraft:damage_taken":296,"minecraft:deaths":1,"minecraft:sneak_time":219,"minecraft:walk_under_water_one_cm":13209,"minecraft:drop":1,"minecraft:jump":134,"minecraft:damage_dealt":9,"minecraft:time_since_death":4932,"minecraft:walk_on_water_one_cm":6465,"minecraft:total_world_time":11641,"minecraft:swim_one_cm":54075,"minecraft:fall_one_cm":5970,"minecraft:fly_one_cm":41146},"minecraft:picked_up":{"minecraft:rotten_flesh":2,"cobblemon:pinap_berry":5,"cobblemon:medicinal_leek":12,"minecraft:sugar_cane":1},"minecraft:used":{"minecraft:golden_helmet":1,"cobblemon:medicinal_leek":4,"minecraft:map":1}},"DataVersion":3465}