{"stats":{"minecraft:crafted":{"mutantmonsters:mutant_skeleton_leggings":1,"minecraft:furnace":2,"minecraft:iron_boots":1,"mutantmonsters:mutant_skeleton_boots":1,"minecraft:stone_pickaxe":1,"minecraft:crafting_table":2,"minecraft:iron_helmet":1,"minecraft:stone_axe":1,"minecraft:air":0,"biomesoplenty:fir_planks":116,"minecraft:iron_chestplate":1,"minecraft:diamond_pickaxe":1,"minecraft:shield":1,"minecraft:stick":40,"minecraft:iron_ingot":31,"minecraft:iron_pickaxe":1,"minecraft:gold_ingot":39,"minecraft:torch":132},"minecraft:dropped":{"biomesoplenty:fir_log":28,"minecraft:bread":7,"minecraft:wheat_seeds":8,"dtbop:fir_seed":5,"minecraft:cobblestone":79,"mutantmonsters:mutant_skeleton_boots":1,"minecraft:dirt":1,"gravestone:obituary":9,"minecraft:iron_pickaxe":1,"minecraft:rotten_flesh":1,"sophisticatedbackpacks:backpack":1,"megamons:anistarite_geode_block":2,"minecraft:diamond_sword":1,"minecraft:leather_chestplate":1,"minecraft:leather_boots":1,"mutantmonsters:mutant_skeleton_leggings":1,"minecraft:stone_pickaxe":1,"minecraft:wooden_pickaxe":1},"minecraft:killed":{"minecraft:spider":1,"minecraft:phantom":1,"minecraft:skeleton":3,"minecraft:creeper":1,"minecraft:sheep":1,"minecraft:zombie":6,"minecraft:glow_squid":2,"minecraft:enderman":2,"minecraft:cow":1},"minecraft:picked_up":{"cobblemon:leaf_stone":1,"minecraft:crafting_table":1,"minecraft:wheat":38,"cobblemon:red_apricorn":4,"minecraft:raw_copper":66,"cobblemon:link_cable":1,"minecraft:cobbled_deepslate":138,"biomesoplenty:fir_planks":5,"minecraft:beef":2,"cobblemon:oran_berry":3,"cobblemon:dusk_stone":1,"minecraft:raw_iron":75,"minecraft:stick":18,"minecraft:torch":4,"sophisticatedbackpacks:backpack":1,"miningmaster:spider_kunzite":3,"minecraft:diorite":17,"miningmaster:spirit_garnet":1,"cobblemon:dawn_stone":1,"minecraft:arrow":2,"minecraft:rotten_flesh":8,"dtbop:fir_seed":5,"minecraft:mutton":2,"minecraft:white_wool":1,"minecraft:cobblestone":128,"minecraft:air":0,"minecraft:glow_ink_sac":4,"minecraft:leather":2,"biomesoplenty:fir_log":57,"minecraft:tuff":12,"minecraft:gunpowder":1,"minecraft:lapis_lazuli":133,"megamons:anistarite_geode_block":20,"minecraft:dirt":3,"minecraft:bone":5,"minecraft:wheat_seeds":60,"minecraft:raw_gold":60,"minecraft:iron_ingot":15,"minecraft:stone_pickaxe":1,"cobblemon:thunder_stone":3,"cobblemon:moon_stone":1,"minecraft:oak_planks":12,"cobblemon:shiny_stone":1,"minecraft:gravel":1,"mutantmonsters:mutant_skeleton_leggings":1,"megamons:anistarite_rough_geode_block":6,"minecraft:diamond":12,"cobblemon:poke_ball":9,"iceandfire:silver_sword":1,"minecraft:granite":9,"mutantmonsters:mutant_skeleton_boots":1,"cobblemon:ice_stone":3,"minecraft:bread":18,"cobblemon:hard_stone":1,"cobblemon:water_stone":1,"minecraft:coal":68},"minecraft:mined":{"minecraft:tuff":19,"minecraft:deepslate_diamond_ore":4,"cobblemon:moon_stone_ore":1,"megamons:crystal_shiny_stone_ore":1,"denseores:dense_deepslate_lapis_ore":5,"miningmaster:deepslate_spirit_garnet_ore":1,"minecraft:granite":9,"gravestone:gravestone":9,"minecraft:grass_block":1,"megamons:crystal_water_stone_ore":1,"denseores:dense_deepslate_iron_ore":7,"cobblemon:ice_stone_ore":3,"minecraft:iron_ore":14,"minecraft:cobbled_deepslate":1,"minecraft:deepslate_lapis_ore":11,"denseores:dense_deepslate_gold_ore":10,"minecraft:deepslate_iron_ore":23,"minecraft:stone":128,"megamons:crystal_thunder_stone_ore":3,"megamons:anistarite_rough_geode_block":4,"megamons:anistarite_geode_block":13,"miningmaster:deepslate_spider_kunzite_ore":3,"minecraft:crafting_table":1,"biomesoplenty:fir_planks":5,"minecraft:cobblestone":6,"denseores:dense_coal_ore":7,"minecraft:copper_ore":19,"minecraft:deepslate_gold_ore":18,"minecraft:diorite":18,"minecraft:wall_torch":2,"cobblemon:deepslate_leaf_stone_ore":1,"minecraft:wheat":19,"cobblemon:dusk_stone_ore":1,"minecraft:grass":1,"megamons:crystal_dawn_stone_ore":1,"minecraft:coal_ore":26,"minecraft:gravel":1,"minecraft:deepslate":145},"minecraft:killed_by":{"cobblemon:pokemon":1,"minecraft:spider":1,"minecraft:enderman":1,"minecraft:skeleton":2,"minecraft:zombie":1,"iceandfire:ghost":2,"cave_dweller:cave_dweller":1},"minecraft:custom":{"lootr:looted_stat":5,"minecraft:mob_kills":26,"minecraft:interact_with_crafting_table":14,"minecraft:damage_dealt_resisted":95,"minecraft:leave_game":1,"minecraft:time_since_death":4750,"minecraft:climb_one_cm":687,"minecraft:sprint_one_cm":205125,"minecraft:walk_one_cm":379230,"minecraft:damage_blocked_by_shield":445,"minecraft:drop":35,"minecraft:damage_dealt_absorbed":89,"minecraft:play_time":139832,"minecraft:deaths":10,"minecraft:sneak_time":18314,"minecraft:walk_under_water_one_cm":970,"minecraft:jump":1359,"minecraft:walk_on_water_one_cm":11415,"minecraft:total_world_time":139832,"minecraft:interact_with_furnace":12,"minecraft:sleep_in_bed":2,"minecraft:time_since_rest":4856,"minecraft:waystone_activated":1,"minecraft:damage_taken":3789,"minecraft:damage_dealt":5243,"minecraft:swim_one_cm":899,"minecraft:fly_one_cm":148307,"minecraft:open_chest":19,"minecraft:crouch_one_cm":44007,"minecraft:fall_one_cm":38177},"minecraft:used":{"minecraft:beetroot":1,"iceandfire:silver_sword":89,"minecraft:shield":9,"minecraft:torch":137,"minecraft:wooden_axe":8,"minecraft:furnace":2,"minecraft:cobbled_deepslate":59,"minecraft:wheat_seeds":44,"minecraft:leather_leggings":1,"minecraft:stone_pickaxe":242,"minecraft:wooden_pickaxe":21,"biomesoplenty:fir_planks":5,"minecraft:crafting_table":3,"minecraft:diamond_pickaxe":5,"minecraft:bread":24,"minecraft:iron_pickaxe":237,"minecraft:leather_helmet":1,"minecraft:stone_axe":13,"minecraft:cobblestone":26},"minecraft:broken":{"minecraft:leather_helmet":2,"minecraft:stone_pickaxe":1}},"DataVersion":3465}