{"stats":{"minecraft:picked_up":{"tconstruct:seared_drain":3,"minecraft:birch_door":1,"minecraft:iron_chestplate":3,"wyrmroost:platinum_ore":64,"minecraft:potion":1,"minecraft:string":23,"minecraft:iron_leggings":2,"minecraft:spruce_planks":4,"quark:root_item":2,"minecraft:iron_pickaxe":5,"natural-progression:stone_pebble":2026,"minecraft:iron_boots":2,"minecraft:stick":28,"cavesandcliffs:amethyst_block":10,"minecraft:torch":3,"tconstruct:seared_faucet":3,"alexsmobs:centipede_leg":6,"legend_sword:obsid":7,"minecraft:rotten_flesh":11,"cavesandcliffs:raw_gold":25,"minecraft:iron_block":11,"minecraft:obsidian":40,"minecraft:cobblestone":76,"tconstruct:seared_bricks":9,"minecraft:birch_log":20,"minecraft:cooked_beef":4,"minecraft:potato":6,"minecraft:flint":19,"cavesandcliffs:amethyst_shard":7,"natural-progression:create_limestone_pebble":1,"minecraft:lapis_lazuli":19,"minecraft:stripped_birch_log":1,"minecraft:dirt":251,"quark:red_crystal":2,"minecraft:glass":25,"minecraft:bone":7,"create:copper_ore":2,"minecraft:bow":2,"minecraft:wheat_seeds":1,"cavesandcliffs:raw_copper":54,"cavesandcliffs:dripstone_block":4,"minecraft:glowstone_dust":17,"minecraft:oak_planks":22,"legend_sword:glowen_flesh":2,"firstaid:plaster":4,"natural-progression:netherrack_pebble":471,"minecraft:sand":228,"minecraft:stripped_spruce_log":3,"minecraft:barrel":1,"cavesandcliffs:copper_ingot":1,"quark:cobbled_deepslate":16,"tconstruct:seared_ingot_tank":3,"minecraft:diamond":8,"tconstruct:seared_basin":3,"minecraft:soul_lantern":1,"minecraft:bread":44,"minecraft:oak_sapling":37,"minecraft:coarse_dirt":1,"minecraft:crafting_table":3,"minecraft:clay_ball":404,"tconstruct:seared_channel":5,"minecraft:brown_mushroom":4,"cavesandcliffs:raw_iron":45,"minecraft:shield":3,"cavesandcliffs:moss_block":8,"minecraft:red_bed":3,"minecraft:iron_axe":5,"minecraft:iron_shovel":2,"minecraft:oak_boat":1,"create:zinc_ore":42,"minecraft:spruce_slab":12,"minecraft:birch_sapling":11,"minecraft:spruce_trapdoor":15,"natural-progression:bone_pickaxe":1,"tconstruct:pickaxe":1,"minecraft:redstone":142,"minecraft:carrot":8,"legend_sword:shadow_dust":1,"tconstruct:sky_slime_ball":127,"quark:yellow_crystal":2,"minecraft:arrow":11,"quark:smooth_basalt":4,"minecraft:bone_block":13,"tconstruct:seared_fuel_tank":3,"minecraft:oak_log":49,"quark:yellow_crystal_cluster":9,"minecraft:gunpowder":2,"cavesandcliffs:glow_berries":7,"tconstruct:seared_brick":23,"minecraft:red_carpet":4,"tconstruct:seared_heater":7,"minecraft:apple":2,"minecraft:iron_ingot":40,"minecraft:cobweb":11,"minecraft:iron_ore":11,"minecraft:music_disc_chirp":1,"minecraft:iron_sword":2,"quark:red_crystal_cluster":4,"cavesandcliffs:calcite":16,"minecraft:oak_slab":1,"cavesandcliffs:cobbled_deepslate":27,"tconstruct:copper_ore":6,"minecraft:quartz":8,"cavesandcliffs:pointed_dripstone":8,"minecraft:gravel":162,"minecraft:lava_bucket":1,"enigmaticlegacy:enigmatic_amulet":4,"natural-progression:improved_saw":2,"minecraft:spruce_door":3,"minecraft:spider_eye":5,"minecraft:leather_helmet":2,"minecraft:slime_ball":101,"minecraft:iron_helmet":3,"tconstruct:seared_melter":6,"minecraft:baked_potato":1,"minecraft:coal":108},"minecraft:killed_by":{"minecraft:creeper":1,"minecraft:drowned":1,"minecraft:zombie":1,"minecraft:player":2,"minecraft:spider":5,"hordes:zombie_player":1,"wyrmroost:alpine":2,"alexsmobs:centipede_head":14,"minecraft:skeleton":10},"minecraft:broken":{"minecraft:iron_shovel":2,"minecraft:iron_chestplate":1,"natural-progression:flint_hatchet":2,"minecraft:iron_pickaxe":2,"minecraft:iron_helmet":1},"minecraft:killed":{"minecraft:witch":1,"minecraft:spider":7,"minecraft:skeleton":11,"legend_sword:shadow":1,"minecraft:silverfish":1,"alexsmobs:centipede_head":5,"minecraft:creeper":2,"minecraft:zombie":13,"hordes:zombie_player":2},"minecraft:mined":{"minecraft:spruce_planks":2,"tconstruct:seared_drain":3,"tconstruct:seared_bricks":9,"minecraft:obsidian":48,"minecraft:spruce_trapdoor":5,"minecraft:grass_block":13,"tconstruct:seared_channel":2,"cavesandcliffs:deepslate_lapis_ore":2,"minecraft:glowstone":9,"minecraft:iron_ore":25,"minecraft:barrel":1,"wyrmroost:platinum_ore":57,"tconstruct:seared_melter":5,"create:copper_ore":2,"tconstruct:seared_fuel_tank":2,"natural-progression:twigs":4,"supplementaries:stick":1,"cavesandcliffs:deepslate_iron_ore":2,"minecraft:iron_block":12,"minecraft:spruce_slab":8,"minecraft:red_bed":2,"minecraft:clay":102,"natural-progression:stone_pebble":1,"minecraft:nether_quartz_ore":8,"minecraft:cobblestone":18,"minecraft:oak_planks":6,"minecraft:wall_torch":1,"tconstruct:seared_faucet":3,"cavesandcliffs:amethyst_block":8,"minecraft:birch_log":13,"cavesandcliffs:copper_ore":12,"minecraft:grass":4,"minecraft:oak_log":52,"cavesandcliffs:deepslate_redstone_ore":17,"minecraft:sand":201,"minecraft:dirt":180,"tconstruct:seared_heater":3,"cavesandcliffs:deepslate":24,"cavesandcliffs:cobbled_deepslate":1,"minecraft:netherrack":211,"minecraft:oak_leaves":499,"cavesandcliffs:pointed_dripstone":3,"create:zinc_ore":34,"minecraft:diamond_ore":8,"minecraft:red_carpet":3,"minecraft:dark_oak_leaves":2,"minecraft:stripped_birch_log":1,"quark:cobbled_deepslate":2,"quark:yellow_crystal":3,"quark:yellow_crystal_cluster":6,"minecraft:redstone_ore":14,"cavesandcliffs:cave_vines":6,"treechop:chopped_log":44,"quark:smooth_basalt":4,"cavesandcliffs:calcite":12,"minecraft:stone":633,"tconstruct:earth_congealed_slime":13,"tconstruct:copper_ore":6,"minecraft:oak_slab":1,"minecraft:crafting_table":3,"tconstruct:seared_basin":3,"tconstruct:seared_ingot_tank":3,"cavesandcliffs:dripstone_block":5,"minecraft:birch_leaves":117,"quark:deepslate":9,"minecraft:coal_ore":83,"minecraft:gravel":173,"minecraft:cobweb":12,"cavesandcliffs:small_dripleaf":1,"cavesandcliffs:moss_block":10,"minecraft:gold_ore":12,"cavesandcliffs:cave_vines_plant":1,"minecraft:infested_stone":3,"tconstruct:sky_congealed_slime":19,"quark:root":1},"minecraft:dropped":{"minecraft:cooked_beef":4,"minecraft:oak_log":1,"natural-progression:improved_saw":2,"minecraft:leather_helmet":3,"minecraft:flint":16,"minecraft:gold_block":1,"minecraft:dirt":153,"cavesandcliffs:raw_copper":1,"quark:red_crystal":1,"quark:cobbled_deepslate":47,"minecraft:iron_pickaxe":1,"minecraft:bone":1,"minecraft:oak_door":1,"tconstruct:pickaxe":1,"quark:root_item":1,"alexsmobs:animal_dictionary":1,"wyrmroost:platinum_ore":11,"minecraft:soul_lantern":1,"minecraft:rotten_flesh":2,"minecraft:oak_planks":36,"minecraft:carrot":6,"minecraft:leather_chestplate":1,"minecraft:leather_boots":1,"minecraft:leather_leggings":1,"minecraft:spruce_slab":4,"minecraft:arrow":1,"minecraft:glass":37,"cavesandcliffs:pointed_dripstone":2,"enigmaticlegacy:enigmatic_amulet":2,"mca:book_rose_gold":2,"tconstruct:pickaxe_head":1,"minecraft:bread":13,"cavesandcliffs:cobbled_deepslate":15,"minecraft:wheat_seeds":1,"minecraft:iron_helmet":1,"minecraft:cobblestone":64,"natural-progression:stone_pebble":57,"minecraft:spruce_door":1,"minecraft:stick":1,"minecraft:iron_block":3,"minecraft:torch":28,"minecraft:iron_leggings":1,"minecraft:iron_axe":1,"minecraft:iron_shovel":1,"minecraft:string":8,"minecraft:redstone":13,"natural-progression:flint_hatchet":1,"minecraft:iron_boots":1,"minecraft:iron_hoe":1,"legend_sword:true_wooden_sword":1,"natural-progression:bone_pickaxe":1,"quark:yellow_crystal_cluster":9,"minecraft:shield":1,"minecraft:spruce_trapdoor":13,"minecraft:spruce_planks":1,"minecraft:iron_chestplate":1,"cavesandcliffs:dripstone_block":2,"minecraft:oak_sapling":8,"minecraft:slime_ball":1,"minecraft:bow":1,"waystones:waystone":1},"minecraft:custom":{"minecraft:interact_with_crafting_table":53,"minecraft:open_barrel":175,"minecraft:leave_game":8,"minecraft:time_since_death":6800,"minecraft:sprint_one_cm":441382,"minecraft:damage_blocked_by_shield":2470,"minecraft:drop":97,"minecraft:deaths":44,"minecraft:jump":4509,"minecraft:walk_on_water_one_cm":91539,"minecraft:interact_with_furnace":70,"minecraft:play_one_minute":364918,"minecraft:interact_with_loom":4,"minecraft:sleep_in_bed":17,"minecraft:waystone_activated":1,"minecraft:damage_dealt":9231,"minecraft:player_kills":1,"minecraft:crouch_one_cm":6484,"minecraft:mob_kills":50,"minecraft:climb_one_cm":63196,"minecraft:walk_one_cm":646863,"minecraft:damage_dealt_absorbed":8,"minecraft:sneak_time":6886,"minecraft:walk_under_water_one_cm":16261,"minecraft:boat_one_cm":10433,"minecraft:time_since_rest":6831,"minecraft:damage_taken":9925,"minecraft:swim_one_cm":57472,"minecraft:fly_one_cm":226078,"minecraft:open_chest":15,"minecraft:fall_one_cm":69604},"minecraft:used":{"minecraft:iron_shovel":672,"quark:cobbled_deepslate":1,"wyrmroost:platinum_ore":4,"minecraft:ladder":6,"minecraft:shield":95,"minecraft:iron_sword":29,"tconstruct:seared_fuel_tank":2,"minecraft:stripped_spruce_log":1,"minecraft:obsidian":22,"minecraft:glass":1,"cavesandcliffs:spyglass":7,"tconstruct:seared_faucet":5,"create:zinc_ore":3,"minecraft:red_carpet":2,"natural-progression:bone_pickaxe":34,"minecraft:bow":1,"quark:red_crystal":2,"natural-progression:cobbled_netherrack":1,"minecraft:furnace":2,"tconstruct:smeltery_controller":1,"natural-progression:improved_saw":10,"minecraft:spruce_door":1,"minecraft:oak_planks":42,"minecraft:sand":4,"minecraft:bread":20,"tconstruct:seared_ingot_tank":4,"minecraft:gravel":3,"cavesandcliffs:glow_berries":6,"tconstruct:crafting_station":1,"minecraft:oak_boat":2,"minecraft:coarse_dirt":1,"minecraft:cobweb":12,"minecraft:flint_and_steel":2,"tconstruct:seared_drain":5,"minecraft:torch":51,"minecraft:dirt":16,"cavesandcliffs:moss_block":1,"tconstruct:seared_bricks":45,"supplementaries:item_shelf":2,"tconstruct:seared_heater":3,"minecraft:birch_door":1,"minecraft:iron_axe":195,"tconstruct:tinker_station":1,"cavesandcliffs:dripstone_block":1,"minecraft:barrel":1,"tconstruct:part_builder":1,"minecraft:water_bucket":21,"minecraft:oak_slab":6,"minecraft:crafting_table":6,"minecraft:red_bed":1,"tconstruct:seared_basin":4,"minecraft:diamond_pickaxe":240,"tconstruct:seared_table":1,"minecraft:iron_pickaxe":497,"tconstruct:seared_channel":2,"minecraft:cobblestone":58,"minecraft:potion":1,"tconstruct:seared_melter":5,"minecraft:bucket":27,"natural-progression:flint_hatchet":30},"minecraft:crafted":{"minecraft:oak_planks":188,"tconstruct:tool_binding":2,"natural-progression:bone_pickaxe":1,"tconstruct:seared_melter":1,"minecraft:glass":52,"minecraft:iron_boots":1,"tconstruct:seared_brick":256,"tconstruct:seared_fuel_tank":1,"tconstruct:seared_ingot_tank":1,"mca:needle_and_thread":1,"tconstruct:pickaxe_head":2,"natural-progression:flint_hatchet":2,"natural-progression:cobbled_netherrack":1,"minecraft:oak_slab":6,"minecraft:stripped_oak_log":47,"minecraft:crafting_table":3,"minecraft:iron_helmet":1,"tconstruct:tool_handle":1,"cavesandcliffs:spyglass":1,"tconstruct:seared_channel":3,"minecraft:iron_chestplate":1,"minecraft:diamond_pickaxe":1,"minecraft:shield":1,"minecraft:stick":68,"minecraft:iron_ingot":72,"minecraft:iron_pickaxe":3,"tconstruct:seared_bricks":34,"cavesandcliffs:copper_ingot":5,"tconstruct:pickaxe":6,"tconstruct:pattern":12,"tconstruct:part_builder":1,"minecraft:furnace":2,"tconstruct:seared_basin":1,"minecraft:flint_and_steel":1,"tconstruct:tinker_station":1,"minecraft:iron_axe":1,"minecraft:ladder":28,"tconstruct:seared_table":1,"supplementaries:item_shelf":2,"minecraft:iron_sword":1,"minecraft:bucket":4,"tconstruct:seared_drain":2,"minecraft:air":0,"tconstruct:seared_heater":2,"minecraft:oak_boat":1,"tconstruct:seared_ingot_gauge":1,"minecraft:cobblestone":292,"tconstruct:crafting_station":1,"natural-progression:improved_saw":1,"tconstruct:seared_faucet":2,"minecraft:iron_shovel":3,"minecraft:iron_leggings":1,"minecraft:torch":60,"tconstruct:grout":258}},"DataVersion":2586}