{"stats":{"minecraft:used":{"minecraft:iron_shovel":672,"quark:cobbled_deepslate":3,"wyrmroost:platinum_ore":4,"minecraft:ladder":6,"minecraft:shield":97,"minecraft:iron_sword":43,"tconstruct:seared_fuel_tank":2,"minecraft:stripped_spruce_log":1,"minecraft:obsidian":22,"minecraft:glass":1,"cavesandcliffs:spyglass":10,"tconstruct:seared_faucet":5,"create:zinc_ore":3,"minecraft:red_carpet":2,"natural-progression:bone_pickaxe":34,"minecraft:bow":24,"quark:red_crystal":2,"natural-progression:cobbled_netherrack":1,"minecraft:furnace":2,"tconstruct:smeltery_controller":1,"natural-progression:improved_saw":10,"minecraft:spruce_door":1,"minecraft:oak_planks":42,"minecraft:diamond_axe":45,"cavesandcliffs:cobbled_deepslate":21,"minecraft:sand":4,"minecraft:bread":20,"tconstruct:seared_ingot_tank":4,"minecraft:gravel":3,"cavesandcliffs:glow_berries":6,"tconstruct:crafting_station":1,"minecraft:oak_boat":2,"minecraft:coarse_dirt":1,"minecraft:cobweb":12,"minecraft:flint_and_steel":2,"tconstruct:seared_drain":5,"minecraft:torch":61,"minecraft:dirt":20,"cavesandcliffs:moss_block":1,"tconstruct:seared_bricks":45,"supplementaries:item_shelf":2,"tconstruct:seared_heater":3,"minecraft:birch_door":1,"quark:spruce_chest":1,"minecraft:iron_axe":195,"tconstruct:tinker_station":1,"cavesandcliffs:dripstone_block":2,"minecraft:barrel":1,"minecraft:cooked_beef":2,"tconstruct:part_builder":1,"minecraft:water_bucket":32,"minecraft:oak_slab":7,"minecraft:crafting_table":7,"minecraft:red_bed":1,"tconstruct:seared_basin":4,"minecraft:diamond_pickaxe":240,"tconstruct:seared_table":1,"minecraft:iron_pickaxe":497,"tconstruct:seared_channel":2,"minecraft:cobblestone":100,"minecraft:potion":1,"tconstruct:seared_melter":5,"minecraft:bucket":43,"natural-progression:flint_hatchet":30},"minecraft:dropped":{"minecraft:iron_sword":1,"minecraft:cooked_beef":4,"minecraft:oak_log":1,"minecraft:diamond":2,"natural-progression:improved_saw":2,"minecraft:leather_helmet":3,"minecraft:flint":16,"minecraft:gold_block":1,"minecraft:dirt":153,"cavesandcliffs:raw_copper":1,"cavesandcliffs:spyglass":1,"quark:red_crystal":1,"quark:cobbled_deepslate":47,"minecraft:iron_pickaxe":1,"minecraft:bone":1,"quark:yellow_crystal":2,"minecraft:oak_door":1,"tconstruct:pickaxe":2,"quark:root_item":1,"alexsmobs:animal_dictionary":1,"wyrmroost:platinum_ore":11,"minecraft:soul_lantern":1,"minecraft:rotten_flesh":2,"minecraft:oak_planks":36,"minecraft:carrot":6,"minecraft:chainmail_chestplate":1,"minecraft:chiseled_stone_bricks":1,"minecraft:rabbit_hide":1,"minecraft:leather_chestplate":1,"minecraft:spruce_pressure_plate":1,"minecraft:leather_boots":1,"minecraft:leather_leggings":1,"minecraft:spruce_slab":4,"minecraft:arrow":1,"minecraft:glass":37,"cavesandcliffs:pointed_dripstone":2,"enigmaticlegacy:enigmatic_amulet":2,"mca:book_rose_gold":2,"tconstruct:pickaxe_head":1,"minecraft:bread":13,"cavesandcliffs:cobbled_deepslate":15,"minecraft:wheat_seeds":1,"minecraft:iron_helmet":1,"minecraft:cobblestone":65,"natural-progression:stone_pebble":59,"minecraft:spruce_door":1,"minecraft:stick":1,"minecraft:iron_block":3,"minecraft:torch":28,"minecraft:iron_leggings":1,"minecraft:iron_axe":1,"minecraft:iron_shovel":1,"minecraft:string":8,"minecraft:redstone":13,"natural-progression:flint_hatchet":1,"minecraft:iron_boots":1,"minecraft:iron_hoe":1,"legend_sword:true_wooden_sword":1,"quark:yellow_crystal_cluster":9,"natural-progression:bone_pickaxe":1,"minecraft:shield":1,"minecraft:spruce_trapdoor":13,"minecraft:spruce_planks":105,"minecraft:iron_chestplate":1,"cavesandcliffs:dripstone_block":2,"minecraft:oak_sapling":8,"minecraft:slime_ball":1,"minecraft:bow":1,"waystones:waystone":1},"minecraft:crafted":{"minecraft:oak_planks":188,"tconstruct:tool_binding":2,"natural-progression:bone_pickaxe":1,"tconstruct:seared_melter":1,"minecraft:glass":52,"minecraft:bow":1,"minecraft:iron_boots":1,"tconstruct:seared_brick":256,"tconstruct:seared_fuel_tank":1,"tconstruct:seared_ingot_tank":1,"mca:needle_and_thread":1,"tconstruct:pickaxe_head":2,"natural-progression:flint_hatchet":2,"natural-progression:cobbled_netherrack":65,"minecraft:oak_slab":6,"minecraft:stripped_oak_log":47,"sophisticatedbackpacks:backpack":1,"minecraft:diamond_axe":1,"minecraft:crafting_table":4,"minecraft:spruce_planks":104,"minecraft:iron_helmet":1,"tconstruct:tool_handle":1,"cavesandcliffs:spyglass":1,"tconstruct:seared_channel":3,"minecraft:iron_chestplate":1,"minecraft:diamond_pickaxe":1,"minecraft:shield":1,"minecraft:stick":72,"minecraft:iron_ingot":72,"minecraft:iron_pickaxe":3,"tconstruct:seared_bricks":34,"cavesandcliffs:copper_ingot":5,"tconstruct:pickaxe":7,"tconstruct:pattern":12,"tconstruct:part_builder":1,"minecraft:furnace":2,"tconstruct:seared_basin":1,"minecraft:flint_and_steel":1,"tconstruct:tinker_station":1,"minecraft:iron_axe":1,"minecraft:ladder":28,"tconstruct:seared_table":1,"quark:spruce_chest":1,"minecraft:lead":2,"supplementaries:item_shelf":2,"minecraft:iron_sword":1,"minecraft:bucket":4,"tconstruct:seared_drain":2,"minecraft:air":0,"tconstruct:seared_heater":2,"minecraft:oak_boat":1,"tconstruct:seared_ingot_gauge":1,"minecraft:cobblestone":338,"tconstruct:crafting_station":1,"natural-progression:improved_saw":2,"tconstruct:seared_faucet":2,"minecraft:iron_shovel":3,"minecraft:iron_leggings":1,"minecraft:torch":60,"minecraft:stripped_spruce_log":26,"tconstruct:grout":258},"minecraft:broken":{"minecraft:iron_shovel":2,"minecraft:iron_chestplate":1,"natural-progression:flint_hatchet":2,"minecraft:iron_pickaxe":2,"minecraft:iron_helmet":1},"minecraft:killed":{"minecraft:witch":1,"minecraft:spider":7,"minecraft:skeleton":13,"legend_sword:shadow":1,"minecraft:silverfish":1,"alexsmobs:centipede_head":5,"minecraft:creeper":6,"minecraft:zombie":13,"hordes:zombie_player":2,"quark:toretoise":1},"minecraft:mined":{"minecraft:spruce_planks":20,"tconstruct:seared_drain":3,"tconstruct:seared_bricks":9,"minecraft:obsidian":129,"minecraft:spruce_trapdoor":5,"minecraft:grass_block":15,"tconstruct:seared_channel":2,"cavesandcliffs:deepslate_lapis_ore":2,"minecraft:glowstone":9,"minecraft:iron_ore":48,"minecraft:fire":1,"minecraft:barrel":1,"wyrmroost:platinum_ore":58,"tconstruct:seared_melter":5,"create:copper_ore":2,"tconstruct:seared_fuel_tank":2,"natural-progression:twigs":4,"supplementaries:stick":1,"minecraft:spruce_pressure_plate":1,"cavesandcliffs:deepslate_iron_ore":2,"minecraft:iron_block":12,"minecraft:spruce_slab":8,"minecraft:red_bed":2,"minecraft:clay":102,"natural-progression:stone_pebble":1,"minecraft:nether_quartz_ore":8,"minecraft:cobblestone":54,"minecraft:oak_planks":6,"minecraft:wall_torch":1,"tconstruct:seared_faucet":3,"cavesandcliffs:amethyst_block":8,"minecraft:birch_log":13,"cavesandcliffs:tuff":10,"cavesandcliffs:copper_ore":51,"minecraft:grass":4,"minecraft:oak_log":52,"cavesandcliffs:deepslate_redstone_ore":17,"minecraft:sand":201,"minecraft:dirt":182,"tconstruct:seared_heater":3,"cavesandcliffs:deepslate":76,"cavesandcliffs:cobbled_deepslate":5,"minecraft:netherrack":211,"minecraft:oak_leaves":499,"cavesandcliffs:pointed_dripstone":4,"create:zinc_ore":36,"minecraft:diamond_ore":14,"minecraft:red_carpet":3,"quark:red_crystal":4,"minecraft:dark_oak_leaves":2,"minecraft:stripped_birch_log":1,"quark:cobbled_deepslate":3,"quark:yellow_crystal":6,"quark:yellow_crystal_cluster":7,"minecraft:redstone_ore":14,"cavesandcliffs:cave_vines":6,"treechop:chopped_log":44,"quark:smooth_basalt":6,"quark:red_crystal_cluster":4,"wyrmroost:blue_geode_ore":8,"cavesandcliffs:calcite":12,"minecraft:stone":707,"tconstruct:earth_congealed_slime":13,"tconstruct:copper_ore":6,"minecraft:oak_slab":1,"minecraft:crafting_table":3,"tconstruct:seared_basin":3,"tconstruct:seared_ingot_tank":3,"minecraft:lapis_ore":4,"cavesandcliffs:dripstone_block":15,"cavesandcliffs:deepslate_coal_ore":14,"minecraft:spruce_log":26,"minecraft:birch_leaves":117,"quark:deepslate":24,"minecraft:coal_ore":126,"minecraft:gravel":173,"minecraft:cobweb":12,"minecraft:cracked_stone_bricks":3,"minecraft:polished_andesite":1,"cavesandcliffs:small_dripleaf":1,"cavesandcliffs:moss_block":10,"minecraft:gold_ore":12,"cavesandcliffs:cave_vines_plant":1,"minecraft:infested_stone":3,"tconstruct:sky_congealed_slime":19,"quark:root":1},"minecraft:picked_up":{"tconstruct:seared_drain":3,"minecraft:birch_door":1,"minecraft:iron_chestplate":3,"wyrmroost:platinum_ore":65,"minecraft:potion":1,"minecraft:string":25,"minecraft:iron_leggings":3,"minecraft:spruce_planks":22,"quark:root_item":2,"minecraft:iron_pickaxe":5,"natural-progression:stone_pebble":2181,"minecraft:iron_boots":2,"minecraft:spruce_pressure_plate":1,"minecraft:stick":28,"cavesandcliffs:amethyst_block":10,"minecraft:torch":6,"tconstruct:seared_faucet":3,"alexsmobs:centipede_leg":6,"legend_sword:obsid":20,"minecraft:rotten_flesh":11,"cavesandcliffs:raw_gold":25,"minecraft:iron_block":11,"minecraft:obsidian":84,"minecraft:cobblestone":98,"tconstruct:seared_bricks":9,"minecraft:birch_log":20,"minecraft:cooked_beef":4,"minecraft:potato":6,"minecraft:flint":19,"cavesandcliffs:amethyst_shard":7,"natural-progression:create_limestone_pebble":1,"minecraft:lapis_lazuli":43,"minecraft:stripped_birch_log":1,"minecraft:dirt":255,"quark:red_crystal":4,"cavesandcliffs:glow_ink_sac":3,"minecraft:glass":25,"minecraft:bone":7,"create:copper_ore":2,"minecraft:bow":2,"minecraft:wheat_seeds":1,"cavesandcliffs:raw_copper":187,"cavesandcliffs:dripstone_block":14,"minecraft:glowstone_dust":17,"minecraft:oak_planks":22,"legend_sword:glowen_flesh":2,"firstaid:plaster":4,"natural-progression:netherrack_pebble":471,"minecraft:sand":228,"minecraft:stripped_spruce_log":3,"minecraft:barrel":1,"cavesandcliffs:copper_ingot":1,"quark:cobbled_deepslate":27,"minecraft:polished_andesite":1,"tconstruct:seared_ingot_tank":3,"minecraft:diamond":14,"tconstruct:seared_basin":3,"minecraft:soul_lantern":1,"cavesandcliffs:tuff":10,"minecraft:bread":44,"minecraft:oak_sapling":37,"minecraft:coarse_dirt":1,"minecraft:crafting_table":3,"minecraft:clay_ball":404,"tconstruct:seared_channel":5,"minecraft:brown_mushroom":4,"cavesandcliffs:spyglass":2,"cavesandcliffs:raw_iron":68,"minecraft:shield":3,"cavesandcliffs:moss_block":8,"minecraft:red_bed":3,"minecraft:iron_axe":5,"minecraft:iron_shovel":2,"minecraft:oak_boat":1,"create:zinc_ore":43,"minecraft:spruce_slab":12,"minecraft:birch_sapling":11,"minecraft:spruce_trapdoor":15,"natural-progression:bone_pickaxe":1,"tconstruct:pickaxe":3,"minecraft:redstone":142,"minecraft:carrot":8,"legend_sword:shadow_dust":1,"tconstruct:sky_slime_ball":127,"quark:yellow_crystal":6,"minecraft:arrow":11,"quark:smooth_basalt":6,"minecraft:bone_block":13,"tconstruct:seared_fuel_tank":3,"minecraft:oak_log":49,"quark:yellow_crystal_cluster":9,"minecraft:gunpowder":4,"cavesandcliffs:glow_berries":7,"tconstruct:seared_brick":23,"minecraft:red_carpet":4,"tconstruct:seared_heater":7,"minecraft:apple":2,"wyrmroost:blue_geode":6,"minecraft:iron_ingot":40,"minecraft:cobweb":11,"minecraft:iron_ore":11,"minecraft:music_disc_chirp":1,"minecraft:iron_sword":2,"quark:red_crystal_cluster":9,"cavesandcliffs:calcite":16,"minecraft:oak_slab":1,"cavesandcliffs:cobbled_deepslate":69,"tconstruct:copper_ore":6,"minecraft:chiseled_stone_bricks":1,"minecraft:quartz":8,"cavesandcliffs:pointed_dripstone":11,"minecraft:gravel":162,"minecraft:lava_bucket":1,"enigmaticlegacy:enigmatic_amulet":4,"natural-progression:improved_saw":2,"minecraft:spruce_log":26,"minecraft:spruce_door":3,"minecraft:spider_eye":6,"minecraft:leather_helmet":2,"minecraft:slime_ball":101,"minecraft:iron_helmet":3,"tconstruct:seared_melter":6,"minecraft:baked_potato":1,"minecraft:coal":156},"minecraft:custom":{"lootr:looted_stat":18,"minecraft:interact_with_crafting_table":67,"minecraft:open_barrel":196,"minecraft:leave_game":11,"minecraft:time_since_death":11655,"minecraft:sprint_one_cm":556272,"minecraft:damage_blocked_by_shield":2590,"minecraft:drop":112,"minecraft:deaths":51,"minecraft:jump":5006,"minecraft:walk_on_water_one_cm":106074,"minecraft:interact_with_furnace":70,"minecraft:play_one_minute":437498,"minecraft:interact_with_loom":4,"minecraft:sleep_in_bed":20,"minecraft:waystone_activated":1,"minecraft:damage_dealt":10031,"minecraft:player_kills":1,"minecraft:crouch_one_cm":10108,"minecraft:mob_kills":58,"minecraft:climb_one_cm":65742,"minecraft:walk_one_cm":744266,"minecraft:damage_dealt_absorbed":8,"minecraft:sneak_time":13317,"minecraft:walk_under_water_one_cm":19592,"minecraft:boat_one_cm":10433,"minecraft:time_since_rest":11689,"minecraft:damage_taken":11367,"minecraft:swim_one_cm":59520,"minecraft:fly_one_cm":260401,"minecraft:open_chest":24,"minecraft:fall_one_cm":83433},"minecraft:killed_by":{"minecraft:creeper":1,"minecraft:drowned":1,"minecraft:zombie":1,"minecraft:player":3,"minecraft:spider":5,"hordes:zombie_player":1,"quark:toretoise":1,"wyrmroost:alpine":2,"alexsmobs:centipede_head":14,"minecraft:skeleton":10}},"DataVersion":2586}