{"stats":{"minecraft:dropped":{"minecraft:wheat_seeds":8,"dtbop:fir_seed":5,"mutantmonsters:mutant_skeleton_boots":1,"minecraft:cobblestone":79,"minecraft:rotten_flesh":1,"sophisticatedbackpacks:backpack":1,"minecraft:diamond_sword":1,"minecraft:leather_chestplate":1,"minecraft:dirt":1,"minecraft:leather_boots":1,"mutantmonsters:mutant_skeleton_leggings":1,"gravestone:obituary":7,"minecraft:stone_pickaxe":1,"minecraft:wooden_pickaxe":1,"biomesoplenty:fir_log":28},"minecraft:crafted":{"mutantmonsters:mutant_skeleton_leggings":1,"minecraft:crafting_table":1,"minecraft:furnace":2,"minecraft:stone_axe":1,"biomesoplenty:fir_planks":116,"minecraft:shield":1,"minecraft:stick":36,"mutantmonsters:mutant_skeleton_boots":1,"minecraft:iron_pickaxe":1,"minecraft:stone_pickaxe":1,"minecraft:torch":132},"minecraft:killed":{"minecraft:spider":1,"minecraft:creeper":1,"minecraft:skeleton":1,"minecraft:phantom":1,"minecraft:sheep":1,"minecraft:zombie":4,"minecraft:cow":1,"minecraft:enderman":2},"minecraft:picked_up":{"minecraft:crafting_table":1,"minecraft:wheat":38,"minecraft:leather":2,"cobblemon:red_apricorn":4,"biomesoplenty:fir_log":57,"minecraft:tuff":7,"minecraft:gunpowder":1,"minecraft:lapis_lazuli":43,"minecraft:dirt":3,"minecraft:raw_copper":66,"minecraft:bone":2,"cobblemon:link_cable":1,"minecraft:wheat_seeds":60,"minecraft:cobbled_deepslate":72,"minecraft:raw_gold":35,"biomesoplenty:fir_planks":5,"minecraft:stone_pickaxe":1,"minecraft:iron_ingot":15,"minecraft:beef":2,"cobblemon:oran_berry":3,"cobblemon:dusk_stone":1,"cobblemon:moon_stone":1,"minecraft:oak_planks":12,"minecraft:stick":18,"minecraft:raw_iron":75,"minecraft:torch":4,"sophisticatedbackpacks:backpack":1,"minecraft:gravel":1,"miningmaster:spider_kunzite":3,"minecraft:diorite":17,"mutantmonsters:mutant_skeleton_leggings":1,"minecraft:rotten_flesh":4,"minecraft:diamond":4,"dtbop:fir_seed":5,"cobblemon:poke_ball":9,"iceandfire:silver_sword":1,"minecraft:granite":9,"mutantmonsters:mutant_skeleton_boots":1,"cobblemon:ice_stone":3,"minecraft:bread":18,"minecraft:mutton":2,"minecraft:coal":68,"minecraft:white_wool":1,"minecraft:cobblestone":128},"minecraft:mined":{"minecraft:tuff":12,"minecraft:deepslate_diamond_ore":2,"cobblemon:moon_stone_ore":1,"miningmaster:deepslate_spider_kunzite_ore":3,"minecraft:crafting_table":1,"gravestone:gravestone":7,"minecraft:granite":9,"biomesoplenty:fir_planks":5,"minecraft:grass_block":1,"denseores:dense_coal_ore":7,"minecraft:copper_ore":19,"minecraft:cobblestone":6,"denseores:dense_deepslate_iron_ore":7,"minecraft:deepslate_gold_ore":8,"minecraft:diorite":18,"minecraft:wall_torch":2,"cobblemon:ice_stone_ore":3,"minecraft:iron_ore":14,"minecraft:wheat":19,"minecraft:deepslate_lapis_ore":8,"cobblemon:dusk_stone_ore":1,"minecraft:grass":1,"denseores:dense_deepslate_gold_ore":8,"minecraft:coal_ore":26,"minecraft:deepslate_iron_ore":23,"minecraft:gravel":1,"minecraft:stone":128,"minecraft:deepslate":77},"minecraft:killed_by":{"cobblemon:pokemon":1,"minecraft:skeleton":1,"minecraft:spider":1,"minecraft:zombie":1,"minecraft:enderman":1,"iceandfire:ghost":2},"minecraft:custom":{"minecraft:interact_with_furnace":6,"lootr:looted_stat":5,"minecraft:mob_kills":16,"minecraft:interact_with_crafting_table":10,"minecraft:damage_dealt_resisted":95,"minecraft:leave_game":1,"minecraft:time_since_death":6044,"minecraft:sleep_in_bed":2,"minecraft:climb_one_cm":687,"minecraft:time_since_rest":6071,"minecraft:waystone_activated":1,"minecraft:sprint_one_cm":137029,"minecraft:damage_taken":3051,"minecraft:walk_one_cm":275005,"minecraft:damage_blocked_by_shield":240,"minecraft:drop":23,"minecraft:damage_dealt":3255,"minecraft:damage_dealt_absorbed":89,"minecraft:swim_one_cm":899,"minecraft:fly_one_cm":100303,"minecraft:open_chest":15,"minecraft:crouch_one_cm":29096,"minecraft:play_time":103832,"minecraft:deaths":8,"minecraft:sneak_time":13489,"minecraft:walk_under_water_one_cm":497,"minecraft:jump":828,"minecraft:walk_on_water_one_cm":9139,"minecraft:total_world_time":103832,"minecraft:fall_one_cm":28271},"minecraft:used":{"minecraft:beetroot":1,"minecraft:wheat_seeds":44,"minecraft:leather_leggings":1,"iceandfire:silver_sword":55,"minecraft:stone_pickaxe":242,"minecraft:wooden_pickaxe":21,"minecraft:shield":3,"biomesoplenty:fir_planks":5,"minecraft:torch":97,"minecraft:crafting_table":2,"minecraft:wooden_axe":8,"minecraft:bread":16,"minecraft:iron_pickaxe":119,"minecraft:leather_helmet":1,"minecraft:stone_axe":13,"minecraft:cobblestone":26,"minecraft:furnace":2,"minecraft:cobbled_deepslate":9},"minecraft:broken":{"minecraft:stone_pickaxe":1,"minecraft:leather_helmet":1}},"DataVersion":3465}