{"stats":{"minecraft:mined":{"minecraft:iron_ore":2,"cobblemon:dusk_stone_ore":1,"minecraft:crafting_table":1,"minecraft:granite":1,"gravestone:gravestone":1,"minecraft:grass":1,"minecraft:grass_block":1,"minecraft:coal_ore":26,"minecraft:copper_ore":19,"minecraft:stone":45},"minecraft:picked_up":{"minecraft:stick":18,"minecraft:crafting_table":1,"minecraft:leather":2,"biomesoplenty:fir_log":57,"minecraft:dirt":1,"minecraft:raw_copper":66,"cobblemon:poke_ball":5,"dtbop:fir_seed":5,"minecraft:granite":1,"minecraft:beef":2,"cobblemon:oran_berry":3,"minecraft:bread":10,"cobblemon:dusk_stone":1,"minecraft:mutton":2,"minecraft:coal":26,"minecraft:white_wool":1,"minecraft:cobblestone":47,"minecraft:raw_iron":2},"minecraft:custom":{"minecraft:time_since_rest":9812,"minecraft:waystone_activated":1,"lootr:looted_stat":1,"minecraft:sprint_one_cm":30641,"minecraft:damage_taken":540,"minecraft:walk_one_cm":51051,"minecraft:mob_kills":3,"minecraft:damage_dealt":250,"minecraft:interact_with_crafting_table":2,"minecraft:fly_one_cm":24521,"minecraft:open_chest":5,"minecraft:crouch_one_cm":1035,"minecraft:play_time":24440,"minecraft:deaths":1,"minecraft:sneak_time":835,"minecraft:walk_under_water_one_cm":334,"minecraft:jump":199,"minecraft:time_since_death":9752,"minecraft:walk_on_water_one_cm":2642,"minecraft:total_world_time":24440,"minecraft:fall_one_cm":7216},"minecraft:crafted":{"biomesoplenty:fir_planks":4,"minecraft:crafting_table":1,"minecraft:stone_pickaxe":1,"minecraft:torch":56,"minecraft:stone_axe":1},"minecraft:killed_by":{"minecraft:spider":1},"minecraft:broken":{"minecraft:leather_helmet":1},"minecraft:used":{"minecraft:beetroot":1,"minecraft:wooden_axe":8,"minecraft:bread":4,"minecraft:stone_pickaxe":73,"minecraft:wooden_pickaxe":21,"minecraft:stone_axe":1,"minecraft:torch":3,"minecraft:crafting_table":1},"minecraft:killed":{"minecraft:sheep":1,"minecraft:cow":1}},"DataVersion":3465}