{"stats":{"minecraft:picked_up":{"minecraft:iron_shovel":1,"minecraft:rotten_flesh":4,"gravestone:obituary":1,"minecraft:iron_pickaxe":1,"minecraft:red_bed":1,"minecraft:lantern":1},"minecraft:custom":{"minecraft:time_since_rest":3122,"minecraft:crouch_one_cm":274,"minecraft:play_time":10974,"lootr:looted_stat":2,"minecraft:sprint_one_cm":26117,"minecraft:walk_one_cm":21913,"minecraft:damage_taken":641,"minecraft:deaths":6,"minecraft:sneak_time":67,"minecraft:mob_kills":1,"minecraft:drop":4,"minecraft:jump":113,"minecraft:damage_dealt":370,"minecraft:time_since_death":3211,"minecraft:sleep_in_bed":2,"minecraft:total_world_time":10974,"minecraft:climb_one_cm":6403,"minecraft:fall_one_cm":3559,"minecraft:fly_one_cm":24885},"minecraft:used":{"minecraft:red_bed":1,"minecraft:lantern":1,"minecraft:map":1,"minecraft:iron_pickaxe":5,"minecraft:iron_sword":4},"minecraft:killed_by":{"minecraft:skeleton":2},"minecraft:killed":{"minecraft:zombie":1},"minecraft:mined":{"minecraft:red_bed":1},"minecraft:dropped":{"gravestone:obituary":4}},"DataVersion":3465}