{"stats":{"minecraft:broken":{"minecraft:stone_pickaxe":1,"mutantmonsters:mutant_skeleton_leggings":1,"mutantmonsters:mutant_skeleton_boots":1,"minecraft:leather_helmet":2,"minecraft:iron_helmet":1},"minecraft:killed":{"minecraft:spider":5,"minecraft:skeleton":7,"minecraft:pig":3,"minecraft:creeper":1,"minecraft:sheep":5,"minecraft:trader_llama":2,"minecraft:zombie":10,"minecraft:glow_squid":2,"minecraft:cow":7,"minecraft:blaze":4,"minecraft:phantom":1,"cobblemon:pokemon":3,"minecraft:wither_skeleton":2,"minecraft:enderman":3},"minecraft:picked_up":{"cobblemon:leaf_stone":1,"minecraft:iron_chestplate":1,"minecraft:wheat":42,"minecraft:lead":2,"minecraft:smithing_table":1,"cobblemon:red_apricorn":16,"minecraft:oak_stairs":5,"minecraft:amethyst_block":7,"iceandfire:manuscript":1,"minecraft:string":4,"minecraft:raw_copper":66,"minecraft:red_nether_bricks":2,"minecraft:diamond_leggings":1,"minecraft:red_sand":61,"minecraft:gold_nugget":18,"minecraft:cobbled_deepslate":162,"biomesoplenty:fir_planks":8,"minecraft:spruce_planks":1,"cobblemon:oran_berry":64,"minecraft:rose_bush":1,"dynamictrees:oak_seed":1,"cobblemon:quick_ball":1,"minecraft:coal_block":11,"minecraft:furnace":1,"minecraft:stick":35,"cobblemon:babiri_berry":1,"minecraft:jukebox":1,"minecraft:torch":6,"minecraft:porkchop":5,"minecraft:diorite":17,"cobblemon:never_melt_ice":1,"minecraft:chiseled_nether_bricks":1,"minecraft:rotten_flesh":17,"dtbop:fir_seed":5,"minecraft:white_terracotta":1,"minecraft:obsidian":21,"minecraft:cobblestone":190,"biomesoplenty:lavender":3,"minecraft:magma_block":1,"relics:roller_skates":1,"minecraft:feather":3,"cobblemon:great_ball":1,"cobblemon:ultra_ball":7,"biomesoplenty:fir_log":57,"minecraft:tuff":12,"biomesoplenty:fir_stairs":15,"minecraft:lapis_lazuli":149,"megamons:anistarite_geode_block":29,"minecraft:dirt":64,"minecraft:lantern":1,"pkgbadges:the_boulder_badge":1,"minecraft:bone":36,"rats:rat_attractor":1,"minecraft:wheat_seeds":102,"cobblemon:black_apricorn":19,"minecraft:raw_gold":75,"cobblemon:potion":2,"minecraft:grindstone":1,"cobblemon:thunder_stone":3,"minecraft:rabbit":4,"minecraft:diamond_helmet":1,"cobblemon:moon_stone":2,"minecraft:moss_block":4,"minecraft:oak_planks":12,"cobblemon:shiny_stone":1,"minecraft:sand":8,"cobblemon:persim_berry":14,"sophisticatedbackpacks:iron_backpack":1,"mutantmonsters:mutant_skeleton_leggings":1,"cobblemon:aspear_berry":5,"minecraft:red_terracotta":21,"minecraft:mossy_cobblestone":3,"megamons:anistarite_rough_geode_block":9,"cobblemon:healing_machine":1,"minecraft:diamond":19,"cobblemon:poke_ball":17,"iceandfire:lectern":1,"minecraft:granite":12,"cobblemon:ice_stone":3,"minecraft:bread":66,"cobblemon:hard_stone":1,"cobblemon:chesto_berry":12,"minecraft:netherrack":247,"iceandfire:silver_nugget":8,"biomesoplenty:redwood_log":178,"rats:rat_trap":2,"minecraft:charcoal":2,"minecraft:crafting_table":4,"minecraft:coarse_dirt":2,"minecraft:allium":1,"iceandfire:witherbone":2,"minecraft:chicken":4,"minecraft:ladder":1,"cobblemon:yellow_apricorn":25,"gravestone:obituary":23,"minecraft:brick":4,"minecraft:cornflower":3,"biomesoplenty:jacaranda_fence":3,"minecraft:red_bed":8,"minecraft:moss_carpet":10,"cobblemon:link_cable":1,"iceandfire:bestiary":1,"cobblemon:green_apricorn":6,"minecraft:beef":14,"minecraft:player_head":1,"cobblemon:dusk_stone":2,"minecraft:chest":2,"cobblemon:green_apricorn_seed":1,"minecraft:egg":1,"minecraft:raw_iron":97,"sophisticatedbackpacks:backpack":1,"miningmaster:spider_kunzite":4,"minecraft:carrot":1,"minecraft:redstone":36,"minecraft:mangrove_trapdoor":2,"miningmaster:spirit_garnet":2,"cobblemon:dawn_stone":1,"minecraft:arrow":4,"minecraft:diamond_chestplate":1,"minecraft:nether_bricks":97,"minecraft:diamond_boots":1,"minecraft:gold_ingot":1,"minecraft:brick_stairs":2,"minecraft:mutton":9,"cobblemon:blue_apricorn":7,"minecraft:white_wool":5,"minecraft:air":0,"minecraft:basalt":135,"minecraft:glow_ink_sac":8,"minecraft:salmon":1,"minecraft:leather":10,"rats:cheese":2,"minecraft:oak_log":4,"minecraft:gunpowder":1,"minecraft:cobblestone_stairs":3,"minecraft:stone_bricks":1,"minecraft:kelp":2,"minecraft:red_sandstone":79,"minecraft:rabbit_hide":4,"minecraft:iron_ingot":15,"minecraft:stone_pickaxe":1,"minecraft:book":75,"cobblemon:red_apricorn_seed":5,"cobblemon:black_apricorn_seed":1,"minecraft:quartz":13,"minecraft:cracked_nether_bricks":2,"cobblemon:blue_apricorn_seed":1,"minecraft:gravel":1,"dtbop:redwood_seed":9,"cobblemon:yellow_apricorn_seed":2,"minecraft:amethyst_shard":6,"minecraft:white_bed":2,"minecraft:spider_eye":1,"biomesoplenty:redwood_stairs":8,"minecraft:purple_bed":1,"iceandfire:silver_sword":1,"minecraft:iron_helmet":1,"mutantmonsters:mutant_skeleton_boots":1,"cobblemon:water_stone":1,"minecraft:coal":101,"minecraft:ender_pearl":1},"minecraft:dropped":{"biomesoplenty:fir_log":28,"minecraft:cooked_beef":3,"minecraft:dirt":4,"biomesoplenty:redwood_log":21,"gravestone:obituary":61,"minecraft:amethyst_shard":2,"minecraft:iron_pickaxe":1,"cobblemon:great_ball":1,"minecraft:gold_ingot":2,"minecraft:bone":2,"minecraft:rotten_flesh":6,"cobblemon:never_melt_ice":1,"minecraft:leather_chestplate":1,"minecraft:leather_boots":1,"minecraft:chest":2,"minecraft:leather_leggings":1,"minecraft:bread":8,"minecraft:wheat_seeds":9,"dtbop:fir_seed":5,"minecraft:cobblestone":80,"mutantmonsters:mutant_skeleton_boots":1,"relics:roller_skates":1,"minecraft:diorite":17,"miningmaster:spirit_garnet":1,"minecraft:moss_carpet":6,"minecraft:tuff":12,"minecraft:iron_hoe":1,"sophisticatedbackpacks:backpack":1,"megamons:anistarite_geode_block":2,"minecraft:diamond_sword":1,"minecraft:iron_chestplate":1,"mutantmonsters:mutant_skeleton_leggings":1,"minecraft:stone_pickaxe":1,"minecraft:wooden_pickaxe":1},"minecraft:custom":{"lootr:looted_stat":52,"minecraft:interact_with_crafting_table":50,"minecraft:leave_game":20,"minecraft:time_since_death":47090,"minecraft:sprint_one_cm":1445274,"minecraft:damage_blocked_by_shield":1470,"minecraft:drop":114,"minecraft:play_time":826440,"minecraft:deaths":47,"minecraft:jump":7239,"minecraft:walk_on_water_one_cm":89393,"minecraft:interact_with_furnace":45,"minecraft:traded_with_villager":12,"minecraft:sleep_in_bed":32,"minecraft:waystone_activated":2,"minecraft:damage_dealt":14370,"minecraft:player_kills":1,"minecraft:crouch_one_cm":114819,"minecraft:interact_with_smithing_table":10,"minecraft:interact_with_anvil":1,"minecraft:mob_kills":71,"minecraft:damage_dealt_resisted":95,"minecraft:climb_one_cm":3957,"minecraft:walk_one_cm":1992269,"minecraft:damage_dealt_absorbed":89,"minecraft:sneak_time":50270,"minecraft:walk_under_water_one_cm":61741,"minecraft:total_world_time":826440,"minecraft:time_since_rest":11811,"minecraft:damage_taken":17047,"minecraft:swim_one_cm":181720,"minecraft:fly_one_cm":1390444,"minecraft:open_chest":212,"minecraft:fall_one_cm":247169},"minecraft:mined":{"minecraft:large_amethyst_bud":1,"minecraft:spruce_planks":1,"minecraft:white_bed":2,"minecraft:farmland":1,"iceandfire:copper_pile":2,"minecraft:cobblestone_stairs":3,"minecraft:red_nether_bricks":3,"megamons:crystal_shiny_stone_ore":1,"minecraft:obsidian":21,"denseores:dense_deepslate_lapis_ore":5,"minecraft:granite":12,"minecraft:red_sand":84,"minecraft:grass_block":18,"minecraft:coal_block":11,"megamons:crystal_dusk_stone_ore":1,"cobblemon:ice_stone_ore":3,"minecraft:tall_seagrass":2,"rats:rat_trap":2,"minecraft:magma_block":4,"minecraft:iron_ore":14,"minecraft:cobbled_deepslate":5,"minecraft:fire":11,"biomesoplenty:lavender":1,"minecraft:moss_carpet":12,"minecraft:deepslate_lapis_ore":12,"denseores:dense_deepslate_gold_ore":16,"biomesoplenty:redwood_log":43,"iceandfire:gold_pile":3,"minecraft:dirt_path":12,"minecraft:oak_stairs":5,"denseores:dense_nether_quartz_ore":1,"minecraft:player_head":1,"minecraft:deepslate_redstone_ore":3,"megamons:anistarite_geode_block":22,"minecraft:red_bed":7,"minecraft:kelp_plant":2,"minecraft:medium_amethyst_bud":1,"minecraft:amethyst_cluster":1,"rats:rat_attractor":1,"minecraft:nether_quartz_ore":13,"denseores:dense_coal_ore":7,"minecraft:cobblestone":19,"megamons:crystal_moon_stone_ore":1,"minecraft:grindstone":1,"minecraft:wall_torch":2,"minecraft:amethyst_block":7,"minecraft:seagrass":2,"cobblemon:deepslate_leaf_stone_ore":1,"denseores:dense_deepslate_diamond_ore":1,"minecraft:wheat":47,"minecraft:jukebox":1,"cobblemon:persim_berry":1,"cobblemon:dusk_stone_ore":1,"minecraft:grass":40,"minecraft:sand":10,"minecraft:dirt":28,"minecraft:netherrack":247,"minecraft:deepslate":166,"cobblemon:healing_machine":1,"minecraft:diamond_ore":2,"minecraft:tuff":20,"minecraft:mossy_cobblestone":2,"minecraft:deepslate_diamond_ore":5,"cobblemon:moon_stone_ore":1,"miningmaster:deepslate_spirit_garnet_ore":1,"gravestone:gravestone":39,"minecraft:nether_bricks":99,"biomesoplenty:bush":31,"minecraft:decorated_pot":1,"minecraft:brick_stairs":2,"megamons:crystal_water_stone_ore":1,"minecraft:redstone_wire":1,"denseores:dense_deepslate_iron_ore":7,"minecraft:moss_block":4,"minecraft:kelp":1,"minecraft:cracked_nether_bricks":2,"dynamictrees:oak_undergrowth_leaves":33,"minecraft:red_sandstone":85,"denseores:dense_deepslate_redstone_ore":1,"biomesoplenty:redwood_stairs":9,"minecraft:bookshelf":25,"minecraft:deepslate_iron_ore":34,"biomesoplenty:fir_stairs":5,"minecraft:stone":181,"megamons:crystal_thunder_stone_ore":3,"minecraft:smithing_table":1,"megamons:anistarite_rough_geode_block":7,"minecraft:chiseled_nether_bricks":1,"minecraft:basalt":156,"miningmaster:deepslate_spider_kunzite_ore":3,"minecraft:crafting_table":2,"minecraft:cornflower":3,"biomesoplenty:fir_planks":6,"minecraft:campfire":1,"biomesoplenty:high_grass_plant":4,"minecraft:tall_grass":4,"minecraft:copper_ore":19,"minecraft:deepslate_gold_ore":18,"minecraft:diorite":18,"minecraft:purple_bed":1,"minecraft:red_terracotta":16,"minecraft:coarse_dirt":1,"megamons:crystal_dawn_stone_ore":1,"minecraft:coal_ore":52,"iceandfire:silver_pile":3,"dtbop:redwood_sapling":1,"minecraft:gravel":1},"minecraft:killed_by":{"cobblemon:pokemon":7,"mutantmonsters:mutant_zombie":2,"minecraft:wither_skeleton":1,"minecraft:creeper":1,"minecraft:blaze":5,"minecraft:zombie":6,"minecraft:player":2,"minecraft:spider":2,"minecraft:enderman":5,"minecraft:skeleton":3,"iceandfire:ghost":3,"cave_dweller:cave_dweller":1},"minecraft:crafted":{"mutantmonsters:mutant_skeleton_leggings":1,"minecraft:oak_planks":16,"minecraft:cooked_chicken":2,"cobblemon:potion":6,"minecraft:bookshelf":21,"minecraft:cooked_mutton":5,"minecraft:diamond_leggings":1,"minecraft:iron_boots":1,"cobblemon:super_potion":4,"mutantmonsters:mutant_skeleton_boots":1,"minecraft:chest":5,"minecraft:cooked_rabbit":1,"minecraft:cooked_porkchop":5,"minecraft:crafting_table":2,"minecraft:iron_helmet":2,"minecraft:copper_ingot":14,"biomesoplenty:fir_planks":116,"biomesoplenty:redwood_button":10,"minecraft:iron_chestplate":1,"minecraft:diamond_pickaxe":1,"minecraft:shield":1,"sophisticatedbackpacks:diamond_backpack":2,"minecraft:stick":72,"minecraft:iron_ingot":78,"minecraft:iron_pickaxe":1,"minecraft:gold_ingot":75,"biomesoplenty:fir_stairs":16,"cobblemon:exp_share":1,"minecraft:iron_nugget":81,"minecraft:furnace":2,"minecraft:bone_meal":51,"biomesoplenty:redwood_trapdoor":18,"minecraft:iron_hoe":1,"minecraft:stone_pickaxe":1,"biomesoplenty:redwood_stairs":28,"minecraft:cooked_beef":8,"minecraft:enchanting_table":1,"biomesoplenty:redwood_planks":272,"biomesoplenty:redwood_fence":12,"sophisticatedbackpacks:gold_backpack":1,"minecraft:bucket":1,"minecraft:stone_axe":1,"minecraft:bread":6,"minecraft:air":0,"minecraft:blue_dye":3,"minecraft:iron_shovel":1,"minecraft:white_bed":1,"minecraft:torch":168,"cobblemon:ultra_ball":36,"cobblemon:great_ball":2,"minecraft:diamond_chestplate":1},"minecraft:used":{"iceandfire:lectern":1,"minecraft:moss_block":3,"minecraft:beetroot":1,"minecraft:moss_carpet":4,"minecraft:red_sand":1,"minecraft:iron_shovel":173,"minecraft:chest":5,"minecraft:shield":29,"minecraft:white_terracotta":1,"biomesoplenty:redwood_fence":12,"minecraft:carrot":4,"minecraft:obsidian":10,"rats:rat_trap":1,"minecraft:lantern":1,"minecraft:furnace":3,"biomesoplenty:redwood_trapdoor":18,"minecraft:egg":1,"minecraft:leather_leggings":1,"minecraft:stone_pickaxe":242,"minecraft:wooden_pickaxe":21,"biomesoplenty:fir_planks":5,"minecraft:cookie":26,"minecraft:sand":8,"cobblemon:yellow_apricorn_seed":2,"minecraft:bread":76,"biomesoplenty:fir_stairs":22,"minecraft:red_terracotta":1,"minecraft:smithing_table":1,"minecraft:cooked_rabbit":1,"minecraft:coarse_dirt":2,"minecraft:bone_meal":43,"minecraft:enchanting_table":1,"iceandfire:silver_sword":283,"dynamictrees:oak_seed":1,"minecraft:cooked_chicken":2,"minecraft:netherrack":8,"minecraft:torch":174,"minecraft:dirt":51,"biomesoplenty:redwood_log":89,"minecraft:iron_hoe":111,"minecraft:wooden_axe":8,"minecraft:bookshelf":18,"cobblemon:aspear_berry":1,"minecraft:oak_stairs":5,"cobblemon:pink_apricorn_seed":1,"minecraft:basalt":119,"biomesoplenty:redwood_button":4,"minecraft:cooked_beef":5,"minecraft:cobbled_deepslate":84,"minecraft:wheat_seeds":81,"minecraft:cooked_mutton":5,"minecraft:water_bucket":8,"minecraft:cobblestone_stairs":3,"rats:rat_attractor":1,"minecraft:mossy_cobblestone":2,"dtbop:redwood_seed":9,"minecraft:crafting_table":6,"minecraft:red_bed":7,"minecraft:white_bed":2,"cobblemon:healing_machine":1,"minecraft:diamond_pickaxe":881,"minecraft:iron_pickaxe":237,"minecraft:leather_helmet":1,"minecraft:stone_axe":106,"minecraft:cobblestone":58,"minecraft:purple_bed":1,"minecraft:cooked_porkchop":5,"minecraft:bucket":8,"biomesoplenty:redwood_stairs":33,"minecraft:diamond_leggings":1,"minecraft:jukebox":1}},"DataVersion":3465}