{"stats":{"minecraft:mined":{"biomesoplenty:tall_lavender":1,"minecraft:wheat":166,"cobblemon:razz_berry":2,"gravestone:gravestone":6,"minecraft:grass":12,"biomesoplenty:bush":1,"minecraft:vine":2,"minecraft:gravel":2,"minecraft:tall_grass":1,"minecraft:potted_bamboo":1,"minecraft:wall_torch":1,"minecraft:fern":1},"minecraft:picked_up":{"biomesoplenty:lavender":1,"minecraft:wheat":174,"minecraft:salmon":1,"patchouli:guide_book":1,"minecraft:leather":3,"cobblemon:red_apricorn":2,"cobblemon:razz_berry":22,"minecraft:gravel":2,"gravestone:obituary":1,"cobblemon:persim_berry":12,"minecraft:cookie":16,"cobblemon:aspear_berry":19,"mca:book_romance":2,"minecraft:rotten_flesh":1,"minecraft:wheat_seeds":471,"minecraft:beef":4,"cobblemon:oran_berry":50,"minecraft:bread":1,"cobblemon:chesto_berry":26},"minecraft:custom":{"minecraft:time_since_rest":152,"minecraft:interact_with_smithing_table":1,"minecraft:waystone_activated":1,"minecraft:interact_with_furnace":3,"lootr:looted_stat":8,"minecraft:sprint_one_cm":232097,"minecraft:damage_taken":2953,"minecraft:walk_one_cm":206762,"minecraft:mob_kills":5,"minecraft:trigger_trapped_chest":3,"minecraft:drop":18,"minecraft:damage_dealt":1422,"minecraft:swim_one_cm":37659,"minecraft:interact_with_crafting_table":1,"minecraft:fly_one_cm":280955,"minecraft:open_chest":7,"minecraft:crouch_one_cm":1405,"minecraft:play_time":77512,"minecraft:deaths":8,"minecraft:sneak_time":573,"minecraft:walk_under_water_one_cm":10141,"minecraft:jump":1215,"minecraft:eat_cake_slice":7,"minecraft:leave_game":9,"minecraft:time_since_death":127,"minecraft:walk_on_water_one_cm":13387,"minecraft:sleep_in_bed":4,"minecraft:climb_one_cm":2278,"minecraft:total_world_time":77512,"minecraft:fall_one_cm":38655},"minecraft:crafted":{"minecraft:bread":60},"minecraft:killed_by":{"iceandfire:ghost":4,"minecraft:skeleton":1,"minecraft:creeper":1,"minecraft:zombie":2},"minecraft:dropped":{"minecraft:bread":44,"mca:book_romance":1,"minecraft:wheat_seeds":2,"gravestone:obituary":9,"minecraft:leather_helmet":2,"patchouli:guide_book":1},"minecraft:killed":{"minecraft:zombie":3,"minecraft:cow":2},"minecraft:used":{"minecraft:beetroot":1,"minecraft:wheat_seeds":165,"minecraft:leather_leggings":1,"minecraft:bread":17,"minecraft:oak_planks":6,"minecraft:leather_helmet":1,"minecraft:leather_chestplate":1,"minecraft:iron_sword":10,"biomesoplenty:lavender":1,"minecraft:gravel":2,"minecraft:leather_boots":1,"minecraft:golden_leggings":1,"minecraft:golden_helmet":1,"minecraft:cookie":10,"minecraft:salmon":1,"minecraft:beef":2,"minecraft:egg":2}},"DataVersion":3465}