{"stats":{"minecraft:mined":{"gravestone:gravestone":1,"minecraft:grass":5,"biomesoplenty:bush":1,"biomesoplenty:tall_lavender":1,"minecraft:wheat":166,"minecraft:tall_grass":1},"minecraft:picked_up":{"minecraft:wheat":174,"minecraft:rotten_flesh":1,"minecraft:wheat_seeds":469,"mca:book_romance":2},"minecraft:custom":{"minecraft:time_since_rest":6691,"minecraft:open_chest":5,"minecraft:crouch_one_cm":146,"minecraft:interact_with_furnace":2,"lootr:looted_stat":4,"minecraft:sprint_one_cm":47547,"minecraft:damage_taken":367,"minecraft:walk_one_cm":74082,"minecraft:sneak_time":21,"minecraft:mob_kills":1,"minecraft:drop":4,"minecraft:jump":204,"minecraft:eat_cake_slice":6,"minecraft:damage_dealt":383,"minecraft:leave_game":1,"minecraft:time_since_death":21083,"minecraft:walk_on_water_one_cm":163,"minecraft:sleep_in_bed":1,"minecraft:climb_one_cm":424,"minecraft:total_world_time":21083,"minecraft:interact_with_crafting_table":1,"minecraft:fall_one_cm":6208,"minecraft:fly_one_cm":37990,"minecraft:waystone_activated":1,"minecraft:play_time":21083},"minecraft:crafted":{"minecraft:bread":60},"minecraft:dropped":{"minecraft:bread":44,"mca:book_romance":1},"minecraft:used":{"minecraft:bread":4,"minecraft:egg":2,"minecraft:cookie":6,"minecraft:wheat_seeds":165,"minecraft:beetroot":1},"minecraft:killed":{"minecraft:zombie":1}},"DataVersion":3465}