{"stats":{"minecraft:mined":{"biomesoplenty:tall_lavender":1,"minecraft:wheat":166,"gravestone:gravestone":1,"minecraft:grass":5,"biomesoplenty:bush":1,"minecraft:tall_grass":1,"minecraft:potted_bamboo":1,"minecraft:wall_torch":1},"minecraft:picked_up":{"minecraft:wheat":174,"minecraft:cookie":16,"cobblemon:aspear_berry":19,"mca:book_romance":2,"minecraft:rotten_flesh":1,"minecraft:wheat_seeds":469,"cobblemon:oran_berry":27,"minecraft:bread":1},"minecraft:custom":{"minecraft:time_since_rest":12709,"minecraft:waystone_activated":1,"lootr:looted_stat":4,"minecraft:interact_with_furnace":2,"minecraft:sprint_one_cm":63205,"minecraft:damage_taken":540,"minecraft:walk_one_cm":115742,"minecraft:mob_kills":2,"minecraft:drop":4,"minecraft:damage_dealt":791,"minecraft:interact_with_crafting_table":1,"minecraft:fly_one_cm":43211,"minecraft:open_chest":5,"minecraft:crouch_one_cm":591,"minecraft:play_time":35903,"minecraft:sneak_time":146,"minecraft:jump":254,"minecraft:eat_cake_slice":7,"minecraft:leave_game":4,"minecraft:sleep_in_bed":3,"minecraft:walk_on_water_one_cm":163,"minecraft:time_since_death":35903,"minecraft:climb_one_cm":424,"minecraft:total_world_time":35903,"minecraft:fall_one_cm":7253},"minecraft:crafted":{"minecraft:bread":60},"minecraft:dropped":{"minecraft:bread":44,"mca:book_romance":1},"minecraft:killed":{"minecraft:zombie":2},"minecraft:used":{"minecraft:beetroot":1,"minecraft:wheat_seeds":165,"minecraft:bread":8,"minecraft:cookie":9,"minecraft:egg":2}},"DataVersion":3465}