{"stats":{"minecraft:mined":{"gravestone:gravestone":1,"minecraft:redstone_wall_torch":1},"minecraft:picked_up":{"minecraft:oak_door":1,"minecraft:rotten_flesh":2,"patchouli:guide_book":1,"minecraft:writable_book":1,"minecraft:redstone_torch":1,"minecraft:emerald":1,"gravestone:obituary":1,"minecraft:bread":16,"mca:book_romance":1},"minecraft:custom":{"minecraft:time_since_rest":9889,"minecraft:open_chest":6,"minecraft:waystone_activated":1,"minecraft:crouch_one_cm":474,"minecraft:sprint_one_cm":13685,"lootr:looted_stat":1,"minecraft:play_time":20452,"minecraft:damage_taken":1126,"minecraft:deaths":3,"minecraft:walk_one_cm":81254,"minecraft:sneak_time":61,"minecraft:mob_kills":1,"minecraft:drop":6,"minecraft:jump":118,"minecraft:damage_dealt":276,"minecraft:leave_game":3,"minecraft:time_since_death":11014,"minecraft:sleep_in_bed":2,"minecraft:total_world_time":20452,"minecraft:fall_one_cm":3534,"minecraft:fly_one_cm":14764},"minecraft:killed_by":{"minecraft:skeleton":2,"minecraft:zombie":1},"minecraft:dropped":{"gravestone:obituary":1,"mca:book_romance":2,"patchouli:guide_book":1,"minecraft:bread":2},"minecraft:used":{"minecraft:beetroot":1,"minecraft:bread":5,"minecraft:redstone_torch":1},"minecraft:killed":{"minecraft:skeleton":1}},"DataVersion":3465}