{"stats":{"minecraft:mined":{"minecraft:glass_pane":2,"iceandfire:silver_ore":1,"minecraft:oak_door":1,"minecraft:crafting_table":1,"minecraft:grass":10,"gravestone:gravestone":5,"cobblemon:red_apricorn":1,"biomesoplenty:bush":8,"minecraft:coal_ore":49,"minecraft:oak_log":5,"minecraft:gravel":16,"minecraft:stone":13,"dtbop:redwood_leaves":6,"minecraft:redstone_wall_torch":1,"minecraft:fern":3},"minecraft:picked_up":{"cobblemon:red_apricorn_seed":1,"minecraft:chicken":1,"minecraft:oak_door":3,"patchouli:guide_book":1,"cobblemon:red_apricorn":8,"minecraft:gravel":16,"biomesoplenty:fir_log":87,"minecraft:oak_log":5,"gravestone:obituary":1,"mca:book_romance":1,"minecraft:honey_bottle":1,"minecraft:rotten_flesh":3,"dtbop:fir_seed":11,"minecraft:wheat_seeds":1,"minecraft:writable_book":1,"minecraft:beef":2,"minecraft:redstone_torch":1,"minecraft:bread":17,"minecraft:emerald":1,"iceandfire:raw_silver":1,"minecraft:coal":49,"minecraft:stick":30,"minecraft:cobblestone":13,"minecraft:crafting_table":1},"minecraft:custom":{"minecraft:time_since_rest":3807,"minecraft:waystone_activated":1,"lootr:looted_stat":1,"minecraft:sprint_one_cm":60742,"minecraft:damage_taken":2520,"minecraft:walk_one_cm":224344,"minecraft:mob_kills":3,"minecraft:drop":12,"minecraft:damage_dealt":894,"minecraft:player_kills":1,"minecraft:interact_with_crafting_table":5,"minecraft:fly_one_cm":79929,"minecraft:open_chest":12,"minecraft:crouch_one_cm":1310,"minecraft:play_time":72622,"minecraft:deaths":7,"minecraft:sneak_time":399,"minecraft:walk_under_water_one_cm":2076,"minecraft:jump":638,"minecraft:leave_game":4,"minecraft:walk_on_water_one_cm":775,"minecraft:time_since_death":3780,"minecraft:sleep_in_bed":3,"minecraft:total_world_time":72622,"minecraft:fall_one_cm":23352},"minecraft:crafted":{"minecraft:oak_planks":16,"minecraft:crafting_table":1,"minecraft:stick":8,"minecraft:wooden_pickaxe":1,"minecraft:stone_pickaxe":1,"minecraft:wooden_axe":1,"minecraft:stone_axe":1,"biomesoplenty:fir_planks":60},"minecraft:killed_by":{"minecraft:skeleton":2,"minecraft:zombie":5},"minecraft:dropped":{"minecraft:bread":2,"mca:book_romance":2,"minecraft:rotten_flesh":3,"gravestone:obituary":4,"patchouli:guide_book":1},"minecraft:killed":{"minecraft:skeleton":1,"cobblemon:pokemon":1,"minecraft:cow":1},"minecraft:used":{"minecraft:oak_log":1,"minecraft:redstone_torch":1,"minecraft:beetroot":1,"minecraft:wooden_axe":5,"minecraft:writable_book":1,"minecraft:bread":10,"minecraft:stone_pickaxe":48,"minecraft:oak_planks":4,"minecraft:wooden_pickaxe":23,"minecraft:stone_axe":1,"minecraft:oak_door":3,"minecraft:crafting_table":2}},"DataVersion":3465}