{"stats":{"minecraft:picked_up":{"gravestone:obituary":1,"minecraft:bread":16,"mca:book_romance":1},"minecraft:custom":{"minecraft:time_since_rest":4011,"minecraft:open_chest":6,"minecraft:waystone_activated":1,"minecraft:crouch_one_cm":408,"minecraft:sprint_one_cm":7229,"lootr:looted_stat":1,"minecraft:play_time":8452,"minecraft:damage_taken":846,"minecraft:deaths":2,"minecraft:walk_one_cm":44527,"minecraft:sneak_time":56,"minecraft:drop":3,"minecraft:jump":61,"minecraft:damage_dealt":10,"minecraft:leave_game":3,"minecraft:time_since_death":6976,"minecraft:sleep_in_bed":1,"minecraft:total_world_time":8452,"minecraft:fall_one_cm":2307,"minecraft:fly_one_cm":9324},"minecraft:killed_by":{"minecraft:skeleton":1,"minecraft:zombie":1},"minecraft:dropped":{"gravestone:obituary":1,"mca:book_romance":2},"minecraft:used":{"minecraft:beetroot":1,"minecraft:bread":3}},"DataVersion":3465}