{"stats":{"minecraft:mined":{"minecraft:glass_pane":2,"gravestone:gravestone":2,"minecraft:oak_log":1,"dtbop:redwood_leaves":6,"minecraft:redstone_wall_torch":1},"minecraft:picked_up":{"minecraft:chicken":1,"minecraft:oak_door":1,"patchouli:guide_book":1,"minecraft:oak_log":1,"gravestone:obituary":1,"mca:book_romance":1,"minecraft:rotten_flesh":2,"minecraft:writable_book":1,"minecraft:redstone_torch":1,"minecraft:bread":16,"minecraft:emerald":1},"minecraft:custom":{"minecraft:time_since_rest":1547,"minecraft:waystone_activated":1,"lootr:looted_stat":1,"minecraft:sprint_one_cm":25989,"minecraft:damage_taken":1651,"minecraft:walk_one_cm":112189,"minecraft:mob_kills":1,"minecraft:drop":6,"minecraft:damage_dealt":327,"minecraft:fly_one_cm":30714,"minecraft:open_chest":7,"minecraft:crouch_one_cm":1310,"minecraft:play_time":32452,"minecraft:deaths":5,"minecraft:sneak_time":394,"minecraft:jump":205,"minecraft:leave_game":3,"minecraft:time_since_death":0,"minecraft:sleep_in_bed":2,"minecraft:total_world_time":32452,"minecraft:fall_one_cm":7162},"minecraft:crafted":{"minecraft:oak_planks":4},"minecraft:killed_by":{"minecraft:skeleton":2,"minecraft:zombie":3},"minecraft:dropped":{"minecraft:bread":2,"mca:book_romance":2,"gravestone:obituary":1,"patchouli:guide_book":1},"minecraft:killed":{"minecraft:skeleton":1},"minecraft:used":{"minecraft:redstone_torch":1,"minecraft:beetroot":1,"minecraft:writable_book":1,"minecraft:bread":5,"minecraft:oak_planks":4,"minecraft:oak_door":1}},"DataVersion":3465}