{"stats":{"minecraft:custom":{"minecraft:time_since_rest":5567,"minecraft:open_chest":2,"minecraft:crouch_one_cm":285,"minecraft:sprint_one_cm":49134,"minecraft:play_time":14522,"minecraft:damage_taken":195,"minecraft:walk_one_cm":57904,"minecraft:sneak_time":61,"minecraft:bell_ring":2,"minecraft:walk_under_water_one_cm":129,"minecraft:jump":452,"minecraft:damage_dealt":95,"minecraft:leave_game":2,"minecraft:walk_on_water_one_cm":124,"minecraft:time_since_death":14522,"minecraft:sleep_in_bed":1,"minecraft:total_world_time":14522,"minecraft:swim_one_cm":1037,"minecraft:fall_one_cm":13006,"minecraft:fly_one_cm":112804},"minecraft:used":{"minecraft:apple":6},"minecraft:mined":{"minecraft:grass":83,"minecraft:oak_log":2,"minecraft:tall_grass":13},"minecraft:picked_up":{"minecraft:wheat_seeds":9,"minecraft:oak_log":2,"minecraft:egg":2}},"DataVersion":3465}