{"stats":{"minecraft:mined":{"minecraft:crafting_table":1,"gravestone:gravestone":7,"biomesoplenty:bush":9,"minecraft:grass_block":2,"minecraft:tall_grass":1,"biomesoplenty:lavender":5,"minecraft:grass":5,"minecraft:oak_log":1,"minecraft:cobweb":4,"minecraft:stone":15,"minecraft:fern":3},"minecraft:picked_up":{"biomesoplenty:lavender":5,"minecraft:crafting_table":1,"minecraft:wheat":9,"cobblemon:red_apricorn":3,"minecraft:oak_log":11,"gravestone:obituary":2,"mca:book_romance":1,"minecraft:dirt":2,"minecraft:string":8,"minecraft:smooth_stone_slab":1,"minecraft:white_carpet":3,"biomesoplenty:tall_lavender":1,"minecraft:bone":4,"minecraft:oak_sign":7,"minecraft:wheat_seeds":31,"minecraft:iron_ingot":1,"cobblemon:oran_berry":29,"minecraft:oak_planks":53,"minecraft:coal_block":1,"minecraft:iron_sword":1,"minecraft:egg":1,"minecraft:oak_slab":11,"minecraft:scaffolding":1,"minecraft:stick":9,"minecraft:oak_door":5,"minecraft:torch":1,"minecraft:cookie":4,"minecraft:white_bed":1,"minecraft:rotten_flesh":11,"minecraft:writable_book":1,"dtbop:maple_seed":3,"minecraft:bread":32,"minecraft:cobblestone":15},"minecraft:custom":{"lootr:looted_stat":5,"minecraft:mob_kills":6,"minecraft:interact_with_crafting_table":4,"minecraft:leave_game":4,"minecraft:time_since_death":1454,"minecraft:sleep_in_bed":4,"minecraft:climb_one_cm":1379,"minecraft:time_since_rest":1508,"minecraft:waystone_activated":1,"minecraft:sprint_one_cm":340649,"minecraft:damage_taken":3123,"minecraft:walk_one_cm":194852,"minecraft:drop":46,"minecraft:damage_dealt":1752,"minecraft:swim_one_cm":3944,"minecraft:fly_one_cm":298269,"minecraft:open_chest":23,"minecraft:crouch_one_cm":1937,"minecraft:play_time":97787,"minecraft:deaths":10,"minecraft:sneak_time":709,"minecraft:walk_under_water_one_cm":437,"minecraft:jump":1384,"minecraft:walk_on_water_one_cm":568,"minecraft:total_world_time":97787,"minecraft:fall_one_cm":34026},"minecraft:crafted":{"minecraft:oak_planks":36,"minecraft:crafting_table":2,"minecraft:wooden_pickaxe":1,"minecraft:stick":4,"minecraft:oak_stairs":4,"minecraft:wooden_axe":1,"minecraft:chest":2,"minecraft:oak_button":1},"minecraft:killed_by":{"minecraft:player":1,"minecraft:skeleton":1,"minecraft:spider":1,"minecraft:zombie":2,"iceandfire:ghost":4},"minecraft:dropped":{"minecraft:bread":17,"minecraft:rotten_flesh":2,"minecraft:oak_planks":5,"minecraft:oak_sign":4,"minecraft:coal_block":1,"cobblemon:oran_berry":12,"mca:book_romance":1,"gravestone:obituary":4,"minecraft:writable_book":1,"minecraft:string":4},"minecraft:killed":{"minecraft:skeleton":1,"minecraft:zombie":3,"iceandfire:ghost":1},"minecraft:used":{"minecraft:beetroot":7,"minecraft:writable_book":1,"minecraft:oak_planks":7,"minecraft:chest":2,"minecraft:wooden_pickaxe":16,"minecraft:iron_sword":25,"minecraft:oak_door":1,"minecraft:dirt":2,"minecraft:crafting_table":1,"minecraft:birch_sign":1,"minecraft:white_bed":1,"minecraft:oak_log":2,"minecraft:wooden_axe":3,"minecraft:oak_stairs":2,"minecraft:bread":17,"waterframes:big_tv":1,"minecraft:cobblestone":1,"minecraft:scaffolding":1}},"DataVersion":3465}