{"stats":{"minecraft:used":{"waystones:waystone":1,"minecraft:oak_sign":1,"minecraft:campfire":3,"minecraft:chest":2,"torchmaster:megatorch":2,"minecraft:spruce_sign":1,"minecraft:red_bed":2,"minecraft:grass_block":1},"minecraft:custom":{"minecraft:jump":18,"minecraft:open_chest":5,"minecraft:time_since_rest":7668,"minecraft:waystone_activated":1,"minecraft:crouch_one_cm":277,"minecraft:play_one_minute":7668,"minecraft:leave_game":1,"minecraft:sprint_one_cm":5823,"minecraft:time_since_death":7668,"minecraft:walk_one_cm":9655,"minecraft:sneak_time":112,"minecraft:fly_one_cm":27927}},"DataVersion":2586}