{"stats":{"minecraft:mined":{"minecraft:rose_bush":1},"minecraft:custom":{"minecraft:jump":208,"minecraft:time_since_rest":24989,"minecraft:crouch_one_cm":15,"minecraft:leave_game":2,"minecraft:play_time":24989,"minecraft:sprint_one_cm":21639,"minecraft:time_since_death":24989,"minecraft:walk_one_cm":13514,"minecraft:sneak_time":39,"minecraft:total_world_time":24989,"minecraft:fall_one_cm":5434,"minecraft:fly_one_cm":55759},"minecraft:picked_up":{"minecraft:rose_bush":1,"minecraft:mutton":1,"minecraft:white_wool":1},"minecraft:used":{"minecraft:white_wool":1,"minecraft:rose_bush":1}},"DataVersion":3465}