{"stats":{"minecraft:used":{"minecraft:iron_shovel":180,"quark:cobbled_deepslate":7,"minecraft:spruce_slab":18,"minecraft:ladder":7,"minecraft:oak_sign":1,"minecraft:chest":3,"minecraft:shield":249,"minecraft:iron_sword":199,"minecraft:carrot":28,"alexsmobs:spawn_egg_centipede":1,"minecraft:stripped_spruce_log":1,"minecraft:glass":90,"minecraft:grass_block":1,"minecraft:polished_andesite_stairs":1,"cavesandcliffs:spyglass":4,"create:zinc_ore":1,"minecraft:stone_bricks":60,"quark:smooth_basalt":1,"minecraft:bow":1,"natural-progression:bone_pickaxe":3,"minecraft:potato":7,"natural-progression:improved_saw":29,"minecraft:oak_planks":49,"cavesandcliffs:cobbled_deepslate":1,"waystones:waystone":3,"minecraft:bread":47,"minecraft:bone_meal":6,"minecraft:cobweb":27,"minecraft:oak_fence":16,"minecraft:flint_and_steel":15,"minecraft:spruce_planks":3,"minecraft:oak_door":2,"minecraft:torch":137,"minecraft:dirt":228,"legend_sword:iron_spear":22,"legend_sword:true_wooden_sword":356,"minecraft:oak_fence_gate":1,"minecraft:birch_door":1,"minecraft:iron_hoe":29,"quark:spruce_chest":1,"minecraft:iron_axe":163,"cavesandcliffs:dripstone_block":55,"torchmaster:megatorch":2,"minecraft:cooked_beef":3,"minecraft:wheat_seeds":14,"minecraft:water_bucket":2,"minecraft:polished_andesite":11,"minecraft:baked_potato":3,"minecraft:spruce_sign":1,"minecraft:cracked_stone_bricks":4,"minecraft:oak_slab":20,"minecraft:crafting_table":2,"minecraft:red_bed":6,"minecraft:campfire":3,"legend_sword:great_glow_sword":131,"minecraft:diamond_pickaxe":61,"minecraft:apple":1,"minecraft:iron_pickaxe":688,"minecraft:chiseled_stone_bricks":4,"minecraft:cobblestone":168,"minecraft:potion":3,"minecraft:cooked_porkchop":3,"minecraft:bucket":2,"minecraft:jukebox":1,"natural-progression:flint_hatchet":2},"minecraft:dropped":{"minecraft:iron_sword":1,"minecraft:glass_bottle":4,"natural-progression:improved_saw":1,"minecraft:cracked_stone_bricks":5,"minecraft:leather_helmet":2,"minecraft:flint":2,"minecraft:cobblestone_stairs":1,"cavesandcliffs:spyglass":1,"tconstruct:sky_slime_ball":55,"minecraft:bone":1,"minecraft:gravel":3,"minecraft:music_disc_chirp":1,"wyrmroost:platinum_ore":8,"minecraft:rotten_flesh":49,"minecraft:oak_planks":49,"minecraft:chiseled_stone_bricks":1,"minecraft:poppy":3,"minecraft:leather_chestplate":2,"minecraft:gunpowder":1,"minecraft:spruce_pressure_plate":1,"minecraft:leather_boots":1,"minecraft:leather_leggings":2,"minecraft:spruce_slab":17,"minecraft:iron_bars":5,"natural-progression:granite_pebble":4,"minecraft:stone_brick_stairs":2,"minecraft:bread":23,"minecraft:oak_slab":4,"minecraft:wheat_seeds":9,"create:copper_ore":1,"minecraft:oak_fence":4,"minecraft:cobblestone":4,"minecraft:lead":1,"natural-progression:stone_pebble":26,"minecraft:apple":2,"legend_sword:glowen_flesh":1,"minecraft:stick":4,"minecraft:polished_andesite":9,"minecraft:cobweb":2,"quark:clear_shard":6,"minecraft:polished_andesite_stairs":1,"minecraft:string":34,"cavesandcliffs:tuff":2,"cavesandcliffs:azalea":1,"legend_sword:true_wooden_sword":1,"cavesandcliffs:raw_gold":9,"minecraft:spruce_trapdoor":1,"minecraft:mossy_stone_bricks":1,"minecraft:oak_sapling":7,"minecraft:stone_pressure_plate":1,"minecraft:stone_bricks":6,"minecraft:spruce_log":2,"minecraft:slime_ball":56,"firstaid:plaster":4},"minecraft:crafted":{"legend_sword:true_wooden_sword":1,"minecraft:oak_planks":76,"legend_sword:glowed_dust":12,"minecraft:glass":90,"minecraft:iron_boots":1,"minecraft:birch_door":3,"legend_sword:great_glow_sword":1,"minecraft:oak_fence":18,"natural-progression:flint_hatchet":1,"minecraft:stripped_oak_log":19,"minecraft:crafting_table":2,"minecraft:spruce_planks":15,"minecraft:baked_potato":4,"minecraft:iron_helmet":1,"minecraft:birch_planks":52,"minecraft:iron_chestplate":1,"minecraft:shield":3,"minecraft:stick":44,"minecraft:iron_ingot":180,"minecraft:iron_pickaxe":1,"minecraft:iron_block":1,"minecraft:shears":2,"minecraft:wooden_sword":1,"minecraft:oak_door":3,"minecraft:bone_meal":6,"firstaid:plaster":7,"minecraft:flint_and_steel":1,"minecraft:iron_axe":2,"minecraft:iron_hoe":1,"minecraft:stripped_birch_log":13,"quark:spruce_chest":1,"minecraft:lead":2,"sophisticatedbackpacks:iron_backpack":1,"minecraft:iron_sword":1,"minecraft:bucket":1,"minecraft:air":0,"minecraft:oak_fence_gate":1,"minecraft:cobblestone":68,"natural-progression:improved_saw":3,"minecraft:iron_shovel":1,"minecraft:iron_leggings":1,"minecraft:torch":56,"minecraft:stripped_spruce_log":2},"minecraft:broken":{"minecraft:shield":2},"minecraft:killed":{"minecraft:witch":2,"minecraft:spider":7,"tconstruct:sky_slime":4,"minecraft:skeleton":21,"legend_sword:shadow":9,"alexsmobs:centipede_head":4,"minecraft:pig":1,"alexsmobs:grizzly_bear":1,"quark:stoneling":1,"minecraft:creeper":8,"minecraft:sheep":1,"minecraft:zombie":97,"minecraft:stray":1,"minecraft:cow":1,"mca:female_zombie_villager":2,"hordes:zombie_player":8,"quark:toretoise":2,"minecraft:drowned":37,"minecraft:bat":2,"alexsmobs:crow":1,"minecraft:wither_skeleton":3},"minecraft:mined":{"minecraft:stone_pressure_plate":1,"minecraft:spruce_planks":3,"minecraft:farmland":1,"minecraft:cobblestone_stairs":1,"minecraft:spruce_trapdoor":9,"minecraft:granite":32,"minecraft:grass_block":27,"minecraft:coal_block":7,"minecraft:chiseled_stone_bricks":3,"minecraft:spawner":7,"minecraft:iron_ore":42,"minecraft:fire":14,"wyrmroost:platinum_ore":19,"create:copper_ore":3,"minecraft:iron_bars":11,"minecraft:spruce_pressure_plate":1,"cavesandcliffs:deepslate_iron_ore":7,"minecraft:iron_block":19,"minecraft:spruce_slab":28,"minecraft:quartz_block":13,"lootr:lootr_chest":1,"minecraft:red_bed":4,"minecraft:soul_lantern":1,"minecraft:clay":16,"minecraft:torch":4,"minecraft:poppy":3,"minecraft:polished_andesite_stairs":3,"minecraft:glass":9,"minecraft:cobblestone":46,"minecraft:oak_planks":2,"minecraft:birch_log":6,"minecraft:jukebox":1,"cavesandcliffs:deepslate_diamond_ore":6,"cavesandcliffs:tuff":2,"minecraft:stone_brick_stairs":7,"cavesandcliffs:copper_ore":12,"minecraft:grass":37,"minecraft:oak_log":19,"cavesandcliffs:deepslate_redstone_ore":3,"minecraft:sand":104,"minecraft:dirt":48,"cavesandcliffs:deepslate":16,"minecraft:netherrack":11,"minecraft:oak_leaves":223,"cavesandcliffs:pointed_dripstone":1,"create:zinc_ore":3,"quark:red_crystal":1,"minecraft:mossy_cobblestone":6,"minecraft:dark_oak_leaves":2,"cavesandcliffs:deepslate_gold_ore":10,"torchmaster:megatorch":1,"minecraft:ladder":1,"minecraft:spruce_leaves":4,"minecraft:large_fern":9,"quark:yellow_crystal_cluster":2,"cavesandcliffs:cave_vines":2,"minecraft:carrots":5,"tconstruct:sky_earth_slime_grass":1,"treechop:chopped_log":17,"quark:smooth_basalt":2,"quark:red_crystal_cluster":5,"minecraft:mossy_stone_brick_stairs":3,"minecraft:potatoes":4,"minecraft:vine":15,"minecraft:stone":189,"tconstruct:earth_congealed_slime":12,"minecraft:smithing_table":1,"minecraft:oak_slab":7,"quark:glowshroom":2,"minecraft:oak_fence":2,"minecraft:crafting_table":1,"minecraft:tall_grass":2,"minecraft:blue_bed":1,"wyrmroost:red_geode_ore":1,"minecraft:spruce_stairs":12,"cavesandcliffs:dripstone_block":3,"cavesandcliffs:deepslate_coal_ore":12,"minecraft:sweet_berry_bush":1,"minecraft:spruce_log":1,"minecraft:birch_leaves":52,"quark:deepslate":58,"minecraft:coal_ore":47,"minecraft:gravel":7,"minecraft:cobweb":27,"minecraft:cracked_stone_bricks":21,"minecraft:polished_andesite":20,"minecraft:stone_bricks":72,"minecraft:mossy_stone_bricks":10,"cavesandcliffs:moss_block":4,"minecraft:fern":1,"tconstruct:sky_congealed_slime":12,"quark:root":3},"minecraft:picked_up":{"minecraft:iron_chestplate":6,"minecraft:wheat":35,"minecraft:smithing_table":1,"wyrmroost:platinum_ore":30,"minecraft:stone_brick_stairs":2,"minecraft:string":53,"tconstruct:earth_slime_dirt":1,"minecraft:iron_leggings":7,"minecraft:spruce_planks":43,"quark:root_item":1,"minecraft:iron_pickaxe":8,"natural-progression:bone_shard":4,"minecraft:coal_block":7,"natural-progression:stone_pebble":619,"minecraft:iron_boots":5,"minecraft:golden_helmet":1,"minecraft:tipped_arrow":1,"minecraft:spruce_pressure_plate":1,"minecraft:stick":16,"minecraft:jukebox":1,"minecraft:oak_fence":2,"minecraft:torch":70,"natural-progression:flint_hatchet":1,"minecraft:spruce_stairs":16,"minecraft:porkchop":2,"alexsmobs:centipede_leg":18,"minecraft:quartz_block":12,"quark:clear_shard":30,"minecraft:rotten_flesh":324,"cavesandcliffs:raw_gold":10,"minecraft:iron_block":22,"minecraft:iron_bars":13,"minecraft:cobblestone":184,"minecraft:birch_log":6,"minecraft:leather_chestplate":3,"minecraft:feather":3,"minecraft:potato":55,"minecraft:flint":16,"minecraft:dirt":288,"quark:red_crystal":5,"minecraft:lantern":1,"minecraft:name_tag":1,"minecraft:leather_boots":3,"minecraft:bone":27,"minecraft:glass":69,"create:copper_ore":3,"minecraft:bow":4,"minecraft:wheat_seeds":99,"cavesandcliffs:raw_copper":71,"cavesandcliffs:dripstone_block":10,"minecraft:mossy_stone_bricks":2,"minecraft:glowstone_dust":5,"minecraft:oak_planks":210,"minecraft:mossy_stone_brick_stairs":1,"legend_sword:glowen_flesh":17,"natural-progression:netherrack_pebble":42,"torchmaster:megatorch":1,"minecraft:sand":105,"sophisticatedbackpacks:iron_backpack":1,"legend_sword:shabby_paper":2,"minecraft:stripped_spruce_log":4,"alexsmobs:animal_dictionary":1,"minecraft:mossy_cobblestone":4,"cavesandcliffs:copper_ingot":3,"quark:cobbled_deepslate":106,"minecraft:iron_hoe":1,"minecraft:polished_andesite":28,"minecraft:sugar":2,"minecraft:diamond":11,"cavesandcliffs:azalea":1,"minecraft:soul_lantern":5,"waystones:waystone":3,"cavesandcliffs:tuff":2,"minecraft:bone_meal":2,"minecraft:bread":84,"minecraft:oak_sapling":26,"minecraft:chicken":2,"minecraft:ladder":1,"minecraft:clay_ball":64,"minecraft:leather_leggings":3,"wyrmroost:red_geode":1,"cavesandcliffs:spyglass":1,"tconstruct:materials_and_you":1,"cavesandcliffs:raw_iron":52,"legend_sword:true_wooden_sword":9,"minecraft:gold_block":1,"minecraft:shield":4,"cavesandcliffs:moss_block":4,"minecraft:red_bed":4,"minecraft:iron_axe":10,"minecraft:item_frame":1,"minecraft:iron_shovel":2,"minecraft:cracked_stone_bricks":16,"minecraft:beef":3,"create:zinc_ore":1,"minecraft:poppy":3,"minecraft:spruce_slab":46,"minecraft:chest":1,"minecraft:birch_sapling":4,"minecraft:spruce_trapdoor":27,"minecraft:oak_door":1,"natural-progression:bone_pickaxe":1,"sophisticatedbackpacks:backpack":1,"legend_sword:glowed_dust":11,"minecraft:carrot":150,"minecraft:redstone":26,"minecraft:stone_pressure_plate":1,"legend_sword:shadow_dust":9,"quark:yellow_crystal":4,"tconstruct:sky_slime_ball":55,"minecraft:arrow":35,"quark:smooth_basalt":8,"minecraft:shears":3,"natural-progression:granite_pebble":67,"minecraft:mutton":2,"minecraft:white_wool":23,"cavesandcliffs:moss_carpet":1,"legend_sword:big_glowed_ingot":7,"minecraft:leather":2,"quark:glowshroom":2,"minecraft:birch_planks":26,"quark:music_disc_rain":1,"minecraft:oak_log":19,"quark:yellow_crystal_cluster":29,"minecraft:gunpowder":4,"minecraft:cobblestone_stairs":1,"minecraft:blue_bed":2,"cavesandcliffs:glow_berries":4,"minecraft:paper":3,"minecraft:red_carpet":7,"minecraft:apple":1,"minecraft:stone_bricks":71,"minecraft:iron_ingot":30,"quark:tallow":2,"minecraft:glass_bottle":1,"minecraft:iron_sword":5,"quark:red_crystal_cluster":13,"minecraft:music_disc_chirp":1,"minecraft:oak_slab":9,"minecraft:polished_andesite_stairs":2,"cavesandcliffs:cobbled_deepslate":33,"minecraft:sweet_berries":3,"minecraft:chiseled_stone_bricks":5,"cavesandcliffs:pointed_dripstone":5,"minecraft:gravel":5,"enigmaticlegacy:enigmatic_amulet":6,"minecraft:spruce_sapling":2,"natural-progression:improved_saw":4,"minecraft:spruce_log":6,"minecraft:spider_eye":1,"minecraft:leather_helmet":4,"minecraft:slime_ball":57,"enigmaticlegacy:cursed_ring":1,"minecraft:iron_helmet":5,"minecraft:diamond_axe":1,"minecraft:baked_potato":2,"minecraft:coal":84,"minecraft:sunflower":1},"minecraft:custom":{"lootr:looted_stat":50,"minecraft:animals_bred":12,"minecraft:interact_with_crafting_table":42,"minecraft:open_barrel":103,"minecraft:leave_game":8,"minecraft:time_since_death":10106,"minecraft:sprint_one_cm":1223091,"minecraft:damage_blocked_by_shield":7525,"minecraft:drop":97,"minecraft:deaths":45,"minecraft:jump":6458,"minecraft:walk_on_water_one_cm":71121,"minecraft:interact_with_furnace":35,"minecraft:play_one_minute":553531,"minecraft:sleep_in_bed":18,"minecraft:waystone_activated":5,"minecraft:damage_dealt":42232,"minecraft:player_kills":5,"minecraft:crouch_one_cm":42941,"minecraft:mob_kills":232,"minecraft:climb_one_cm":51874,"minecraft:walk_one_cm":1412324,"minecraft:damage_dealt_absorbed":106,"minecraft:sneak_time":20887,"minecraft:walk_under_water_one_cm":11304,"minecraft:time_since_rest":10136,"minecraft:damage_taken":13295,"minecraft:swim_one_cm":47483,"minecraft:fly_one_cm":949677,"minecraft:open_chest":65,"minecraft:fall_one_cm":107167},"minecraft:killed_by":{"minecraft:creeper":2,"minecraft:zombie":3,"alexsmobs:grizzly_bear":1,"minecraft:player":1,"minecraft:spider":3,"hordes:zombie_player":6,"alexsmobs:centipede_head":12,"minecraft:skeleton":11}},"DataVersion":2586}