{"stats":{"minecraft:picked_up":{"minecraft:wheat":2,"minecraft:stone_brick_slab":1,"minecraft:torch":1,"minecraft:stone_button":3,"minecraft:gunpowder":2,"rats:raw_rat":1,"minecraft:lantern":4,"minecraft:brown_carpet":6,"minecraft:rotten_flesh":2,"minecraft:wheat_seeds":16,"minecraft:poppy":3,"minecraft:oxeye_daisy":1},"minecraft:custom":{"minecraft:time_since_rest":78752,"minecraft:sprint_one_cm":45431,"minecraft:damage_taken":70,"minecraft:walk_one_cm":75221,"minecraft:mob_kills":3,"minecraft:drop":1,"minecraft:damage_dealt":591,"minecraft:swim_one_cm":330,"minecraft:fly_one_cm":322169,"minecraft:crouch_one_cm":863,"minecraft:play_time":83944,"minecraft:deaths":2,"minecraft:sneak_time":2450,"minecraft:walk_under_water_one_cm":19217,"minecraft:jump":220,"minecraft:leave_game":2,"minecraft:walk_on_water_one_cm":9908,"minecraft:time_since_death":78732,"minecraft:total_world_time":83944,"minecraft:climb_one_cm":608,"minecraft:fall_one_cm":209},"minecraft:used":{"minecraft:oak_log":18,"minecraft:oak_fence":39,"minecraft:stone_brick_slab":31,"minecraft:water_bucket":14,"minecraft:iron_bars":2,"minecraft:dirt_path":91,"minecraft:bookshelf":1,"minecraft:spruce_door":8,"minecraft:lantern":19,"minecraft:grass_block":86,"minecraft:oak_stairs":56,"minecraft:oak_sign":2,"minecraft:bamboo_hanging_sign":1,"minecraft:oak_planks":153,"minecraft:ladder":4,"minecraft:birch_hanging_sign":5,"minecraft:stone":31,"minecraft:stone_brick_stairs":11,"minecraft:stone_bricks":635,"minecraft:oak_door":1,"minecraft:torch":12,"minecraft:diamond_sword":6,"minecraft:dirt":110,"minecraft:cobblestone":113,"easy_npc:humanoid_slim_spawn_egg":1,"minecraft:red_bed":1,"minecraft:white_stained_glass_pane":6,"minecraft:birch_sign":5,"minecraft:cobblestone_wall":27,"minecraft:white_bed":5,"minecraft:sponge":110,"minecraft:stone_brick_wall":5,"minecraft:splash_potion":6,"minecraft:milk_bucket":1},"minecraft:killed":{"minecraft:zombie":2,"minecraft:creeper":1},"minecraft:dropped":{"minecraft:stone_brick_slab":1}},"DataVersion":3465}