{"stats":{"minecraft:custom":{"minecraft:jump":249,"minecraft:time_since_rest":28821,"minecraft:damage_dealt":14,"minecraft:leave_game":2,"minecraft:crouch_one_cm":31,"minecraft:play_time":28821,"minecraft:sprint_one_cm":26032,"minecraft:walk_on_water_one_cm":46,"minecraft:time_since_death":28821,"minecraft:walk_one_cm":16542,"minecraft:sneak_time":51,"minecraft:total_world_time":28821,"minecraft:walk_under_water_one_cm":1850,"minecraft:swim_one_cm":840,"minecraft:fall_one_cm":5434,"minecraft:fly_one_cm":62918},"minecraft:picked_up":{"minecraft:rose_bush":1,"minecraft:mutton":1,"minecraft:white_wool":1},"minecraft:mined":{"minecraft:rose_bush":1},"minecraft:used":{"minecraft:white_wool":1,"minecraft:rose_bush":1}},"DataVersion":3465}