{"stats":{"minecraft:mined":{"minecraft:grass":1,"biomesoplenty:bush":2,"minecraft:grass_block":2,"biomesoplenty:lavender":5,"gravestone:gravestone":1,"minecraft:fern":2},"minecraft:picked_up":{"biomesoplenty:lavender":5,"biomesoplenty:tall_lavender":1,"minecraft:oak_door":2,"minecraft:rotten_flesh":2,"minecraft:torch":1,"minecraft:writable_book":1,"minecraft:cookie":4,"minecraft:bread":32,"mca:book_romance":1,"minecraft:dirt":2},"minecraft:custom":{"minecraft:open_chest":9,"minecraft:time_since_rest":9889,"minecraft:play_time":40361,"minecraft:crouch_one_cm":756,"minecraft:sprint_one_cm":79310,"minecraft:damage_taken":744,"minecraft:walk_one_cm":63292,"minecraft:deaths":3,"minecraft:sneak_time":343,"minecraft:drop":21,"minecraft:jump":257,"minecraft:damage_dealt":416,"minecraft:leave_game":2,"minecraft:time_since_death":11068,"minecraft:sleep_in_bed":2,"minecraft:total_world_time":40361,"minecraft:fall_one_cm":4954,"minecraft:fly_one_cm":45792,"minecraft:waystone_activated":1},"minecraft:killed_by":{"minecraft:skeleton":1,"minecraft:zombie":1},"minecraft:dropped":{"minecraft:bread":17,"mca:book_romance":1,"minecraft:rotten_flesh":2,"minecraft:writable_book":1},"minecraft:used":{"minecraft:dirt":2,"minecraft:bread":3,"minecraft:birch_sign":1,"waterframes:big_tv":1,"minecraft:writable_book":1,"minecraft:beetroot":1}},"DataVersion":3465}