{"stats":{"minecraft:mined":{"biomesoplenty:lavender":5,"gravestone:gravestone":1,"minecraft:grass":3,"biomesoplenty:bush":3,"minecraft:grass_block":2,"minecraft:tall_grass":1,"minecraft:fern":3},"minecraft:picked_up":{"biomesoplenty:lavender":5,"minecraft:stick":7,"minecraft:oak_door":3,"minecraft:torch":1,"minecraft:oak_log":6,"minecraft:cookie":4,"gravestone:obituary":1,"mca:book_romance":1,"minecraft:dirt":2,"biomesoplenty:tall_lavender":1,"minecraft:rotten_flesh":5,"minecraft:wheat_seeds":3,"minecraft:writable_book":1,"dtbop:maple_seed":3,"minecraft:bread":32,"minecraft:oak_planks":50},"minecraft:custom":{"minecraft:time_since_rest":21889,"minecraft:waystone_activated":1,"lootr:looted_stat":3,"minecraft:sprint_one_cm":115711,"minecraft:damage_taken":876,"minecraft:walk_one_cm":98692,"minecraft:mob_kills":1,"minecraft:drop":26,"minecraft:damage_dealt":790,"minecraft:interact_with_crafting_table":1,"minecraft:fly_one_cm":71562,"minecraft:open_chest":9,"minecraft:crouch_one_cm":791,"minecraft:play_time":52361,"minecraft:deaths":3,"minecraft:sneak_time":353,"minecraft:jump":411,"minecraft:leave_game":2,"minecraft:time_since_death":23068,"minecraft:sleep_in_bed":2,"minecraft:total_world_time":52361,"minecraft:fall_one_cm":8424},"minecraft:crafted":{"minecraft:crafting_table":1,"minecraft:stick":4,"minecraft:wooden_axe":1},"minecraft:killed_by":{"minecraft:skeleton":1,"minecraft:zombie":1},"minecraft:dropped":{"minecraft:bread":17,"mca:book_romance":1,"minecraft:rotten_flesh":2,"minecraft:writable_book":1,"minecraft:oak_planks":5},"minecraft:killed":{"minecraft:zombie":1},"minecraft:used":{"minecraft:beetroot":1,"minecraft:wooden_axe":1,"minecraft:writable_book":1,"minecraft:bread":6,"waterframes:big_tv":1,"minecraft:dirt":2,"minecraft:birch_sign":1}},"DataVersion":3465}