{"stats":{"minecraft:broken":{"minecraft:iron_shovel":1,"minecraft:iron_boots":1,"minecraft:leather_boots":2,"minecraft:iron_pickaxe":1,"minecraft:iron_helmet":1,"iceandfire:silver_axe":1},"minecraft:killed":{"minecraft:spider":7,"minecraft:skeleton":11,"minecraft:chicken":1,"minecraft:sheep":2,"minecraft:zombie":34,"minecraft:blaze":4,"minecraft:phantom":3,"cobblemon:pokemon":9,"minecraft:wandering_trader":1,"iceandfire:ghost":3,"minecraft:enderman":3},"minecraft:picked_up":{"cobblemon:leaf_stone":2,"minecraft:wheat":428,"cobblemon:red_apricorn":84,"minecraft:diamond_sword":1,"minecraft:oak_stairs":2,"cobblemon:wepear_berry":21,"minecraft:string":16,"mutantmonsters:mutant_skeleton_skull":2,"minecraft:raw_copper":89,"minecraft:smooth_stone_slab":1,"minecraft:red_nether_bricks":5,"biomesoplenty:tall_lavender":1,"dtbop:jacaranda_seed":8,"minecraft:oak_sign":7,"minecraft:red_sand":65,"minecraft:cobbled_deepslate":241,"biomesoplenty:fir_planks":41,"cobblemon:oran_berry":130,"minecraft:cobblestone_slab":5,"cobblemon:big_root":1,"minecraft:coal_block":1,"minecraft:furnace":5,"minecraft:stick":72,"minecraft:big_dripleaf":2,"minecraft:oak_fence":1,"minecraft:torch":29,"minecraft:diorite":3,"cobblemon:never_melt_ice":1,"mutantmonsters:mutant_skeleton_pelvis":1,"minecraft:rotten_flesh":55,"dtbop:fir_seed":7,"mutantmonsters:mutant_skeleton_shoulder_pad":2,"minecraft:blaze_rod":1,"minecraft:cobblestone":181,"biomesoplenty:lavender":12,"minecraft:birch_log":8,"minecraft:magma_block":28,"minecraft:leather_chestplate":1,"cobblemon:great_ball":3,"minecraft:feather":6,"minecraft:lilac":1,"cobblemon:ultra_ball":1,"minecraft:potato":1,"cobblemon:razz_berry":14,"biomesoplenty:fir_log":99,"minecraft:flint":2,"minecraft:tuff":30,"biomesoplenty:fir_stairs":60,"minecraft:lapis_lazuli":69,"megamons:anistarite_geode_block":29,"minecraft:dirt":176,"minecraft:lantern":1,"minecraft:bone":16,"minecraft:wheat_seeds":1236,"cobblemon:black_apricorn":4,"minecraft:raw_gold":116,"minecraft:rabbit":2,"minecraft:oak_planks":58,"cobblemon:sun_stone":1,"cobblemon:shiny_stone":2,"minecraft:sand":10,"cobblemon:persim_berry":13,"biomesoplenty:fir_fence":1,"minecraft:nether_brick_stairs":2,"mutantmonsters:mutant_skeleton_leggings":1,"cobblemon:aspear_berry":46,"minecraft:red_terracotta":24,"minecraft:mossy_cobblestone":18,"megamons:anistarite_rough_geode_block":5,"minecraft:diamond":20,"cobblemon:poke_ball":4,"minecraft:writable_book":1,"minecraft:granite":5,"minecraft:emerald":5,"minecraft:bread":40,"cobblemon:medicinal_leek":1,"minecraft:netherrack":69,"iceandfire:silver_nugget":2,"iceandfire:raw_silver":19,"biomesoplenty:redwood_log":22,"minecraft:crafting_table":16,"minecraft:allium":1,"minecraft:azure_bluet":1,"minecraft:chicken":9,"minecraft:leather_leggings":1,"gravestone:obituary":23,"biomesoplenty:jacaranda_fence":14,"cobblemon:lum_berry":2,"minecraft:white_carpet":3,"minecraft:iron_shovel":1,"minecraft:cracked_stone_bricks":2,"cobblemon:green_apricorn":4,"cobblemon:relic_coin":27,"minecraft:spruce_slab":1,"minecraft:chest":2,"cobblemon:green_apricorn_seed":1,"minecraft:egg":7,"minecraft:raw_iron":190,"minecraft:oak_door":5,"sophisticatedbackpacks:backpack":1,"minecraft:cookie":4,"minecraft:redstone":18,"miningmaster:spirit_garnet":1,"minecraft:arrow":9,"iceandfire:silver_ingot":1,"biomesoplenty:jacaranda_log":28,"minecraft:peony":1,"minecraft:nether_bricks":80,"mutantmonsters:mutant_skeleton_rib":7,"minecraft:gold_ingot":2,"minecraft:mutton":10,"cobblemon:blue_apricorn":15,"minecraft:white_wool":9,"iceandfire:silver_axe":1,"minecraft:air":0,"minecraft:basalt":7,"minecraft:glow_ink_sac":3,"biomesoplenty:goldenrod":1,"minecraft:oak_log":13,"biomesoplenty:jacaranda_planks":3,"mca:book_romance":1,"mutantmonsters:mutant_skeleton_limb":10,"minecraft:red_nether_brick_stairs":3,"minecraft:kelp":2,"minecraft:red_sandstone":96,"minecraft:rabbit_hide":1,"minecraft:iron_ingot":5,"dynamictrees:birch_seed":3,"minecraft:stone_pickaxe":1,"miningmaster:divine_beryl":1,"minecraft:iron_sword":1,"cobblemon:chilan_berry":1,"minecraft:oak_slab":11,"cobblemon:red_apricorn_seed":6,"minecraft:scaffolding":1,"iceandfire:copper_nugget":14,"minecraft:quartz":14,"minecraft:cracked_nether_bricks":2,"minecraft:dandelion":1,"cobblemon:blue_apricorn_seed":1,"minecraft:gravel":7,"dtbop:redwood_seed":4,"waterframes:big_tv":1,"minecraft:amethyst_shard":60,"cobblemon:pink_apricorn":5,"minecraft:white_bed":9,"minecraft:nether_brick_slab":4,"dtbop:mahogany_seed":1,"minecraft:spider_eye":4,"minecraft:leather_helmet":1,"dtbop:maple_seed":3,"mutantmonsters:mutant_skeleton_boots":1,"minecraft:coal":129,"minecraft:ender_pearl":2},"minecraft:dropped":{"biomesoplenty:fir_log":32,"sophisticatedbackpacks:iron_backpack":1,"iceandfire:silver_axe":1,"minecraft:red_sandstone":1,"minecraft:leather_helmet":1,"minecraft:dirt":2,"biomesoplenty:redwood_log":12,"cobblemon:poke_ball":22,"gravestone:obituary":64,"minecraft:writable_book":1,"minecraft:amethyst_shard":2,"minecraft:sand":8,"biomesoplenty:fir_fence":1,"cobblemon:red_apricorn":4,"minecraft:bone":14,"minecraft:gravel":1,"minecraft:wheat":1,"minecraft:rotten_flesh":2,"minecraft:oak_planks":17,"cobblemon:black_apricorn":4,"minecraft:azure_bluet":1,"minecraft:recovery_compass":1,"minecraft:leather_chestplate":1,"minecraft:acacia_sapling":2,"minecraft:leather_leggings":1,"minecraft:arrow":9,"minecraft:cracked_nether_bricks":1,"biomesoplenty:fir_button":1,"minecraft:egg":2,"minecraft:iron_ingot":15,"minecraft:bread":75,"minecraft:wheat_seeds":7,"mutantmonsters:mutant_skeleton_boots":1,"cobblemon:potion":2,"biomesoplenty:jacaranda_planks":47,"minecraft:coal":19,"minecraft:coal_block":1,"cobblemon:oran_berry":40,"biomesoplenty:goldenrod":1,"mca:book_romance":1,"minecraft:diorite":1,"iceandfire:copper_nugget":14,"iceandfire:silver_sword":1,"minecraft:iron_shovel":1,"minecraft:string":4,"pkgbadges:the_boulder_badge":1,"biomesoplenty:fir_stairs":14,"biomesoplenty:jacaranda_fence":9,"minecraft:dandelion":1,"iceandfire:silver_nugget":2,"minecraft:nether_brick_slab":2,"miningmaster:spirit_garnet":1,"minecraft:kelp":2,"minecraft:stone_sword":1,"cobblemon:lum_berry":1,"minecraft:tuff":1,"minecraft:tall_grass":1,"biomesoplenty:redwood_planks":6,"minecraft:oak_sign":4,"minecraft:wooden_shovel":1,"mutantmonsters:mutant_skeleton_leggings":1,"minecraft:spider_eye":1,"minecraft:stone_pickaxe":1},"minecraft:custom":{"lootr:looted_stat":16,"minecraft:interact_with_crafting_table":80,"minecraft:leave_game":20,"minecraft:time_since_death":22323,"minecraft:sprint_one_cm":2764830,"minecraft:damage_blocked_by_shield":1817,"minecraft:drop":202,"minecraft:talked_to_villager":1,"minecraft:play_time":928373,"minecraft:deaths":62,"minecraft:jump":14523,"minecraft:walk_on_water_one_cm":63920,"minecraft:interact_with_furnace":105,"minecraft:traded_with_villager":27,"minecraft:sleep_in_bed":34,"minecraft:waystone_activated":3,"minecraft:damage_dealt":25970,"minecraft:player_kills":1,"minecraft:crouch_one_cm":62170,"minecraft:mob_kills":91,"minecraft:damage_dealt_resisted":88,"minecraft:climb_one_cm":8706,"minecraft:walk_one_cm":1705473,"minecraft:damage_dealt_absorbed":47,"minecraft:sneak_time":26000,"minecraft:walk_under_water_one_cm":68277,"minecraft:total_world_time":928373,"minecraft:time_since_rest":10873,"minecraft:damage_taken":22494,"minecraft:trigger_trapped_chest":1,"minecraft:swim_one_cm":185966,"minecraft:fly_one_cm":3692113,"minecraft:open_chest":231,"minecraft:fall_one_cm":398997},"minecraft:mined":{"minecraft:large_amethyst_bud":3,"minecraft:white_bed":8,"minecraft:farmland":8,"minecraft:red_nether_bricks":5,"megamons:crystal_shiny_stone_ore":1,"denseores:dense_deepslate_lapis_ore":6,"minecraft:granite":5,"minecraft:budding_amethyst":1,"minecraft:red_sand":55,"minecraft:grass_block":64,"minecraft:magma_block":28,"minecraft:red_nether_brick_stairs":2,"minecraft:iron_ore":16,"minecraft:cobbled_deepslate":1,"minecraft:fire":31,"biomesoplenty:lavender":10,"minecraft:deepslate_lapis_ore":1,"minecraft:nether_brick_stairs":3,"minecraft:azure_bluet":1,"denseores:dense_deepslate_gold_ore":23,"minecraft:dirt_path":62,"minecraft:oak_stairs":2,"minecraft:small_amethyst_bud":1,"dynamictrees:jungle_undergrowth_leaves":1,"denseores:dense_nether_quartz_ore":3,"minecraft:spruce_slab":1,"minecraft:deepslate_redstone_ore":3,"megamons:anistarite_geode_block":34,"biomesoplenty:jacaranda_planks":3,"minecraft:medium_amethyst_bud":7,"minecraft:amethyst_cluster":14,"cobblemon:leaf_stone_ore":2,"minecraft:torch":7,"minecraft:chest":4,"minecraft:nether_brick_slab":2,"minecraft:nether_quartz_ore":1,"minecraft:glass":1,"denseores:dense_coal_ore":17,"minecraft:cobblestone":13,"minecraft:oak_planks":3,"minecraft:wall_torch":14,"biomesoplenty:goldenrod":2,"denseores:dense_deepslate_diamond_ore":9,"minecraft:wheat":491,"minecraft:lilac":2,"minecraft:grass":99,"minecraft:oak_log":1,"minecraft:sand":8,"minecraft:dirt":43,"minecraft:netherrack":71,"minecraft:deepslate":226,"minecraft:tuff":29,"miningmaster:deepslate_divine_beryl_ore":1,"iceandfire:silver_ore":19,"minecraft:mossy_cobblestone":19,"cobblemon:shiny_stone_ore":1,"minecraft:deepslate_diamond_ore":2,"biomesoplenty:jacaranda_fence":15,"minecraft:ladder":1,"gravestone:gravestone":51,"minecraft:nether_bricks":80,"biomesoplenty:bush":66,"minecraft:allium":1,"denseores:dense_deepslate_iron_ore":38,"minecraft:cracked_nether_bricks":1,"denseores:dense_copper_ore":6,"denseores:dense_emerald_ore":2,"minecraft:furnace":6,"dynamictrees:oak_undergrowth_leaves":4,"minecraft:red_sandstone":98,"minecraft:peony":3,"biomesoplenty:high_grass":71,"minecraft:deepslate_iron_ore":13,"biomesoplenty:fir_stairs":48,"minecraft:cobblestone_slab":5,"minecraft:vine":1,"minecraft:stone":110,"dtbop:redwood_leaves":3,"megamons:crystal_leaf_stone_ore":1,"megamons:anistarite_rough_geode_block":7,"denseores:dense_deepslate_coal_ore":10,"waterframes:big_tv":1,"minecraft:dandelion":1,"miningmaster:deepslate_spider_kunzite_ore":1,"minecraft:oak_fence":2,"minecraft:crafting_table":18,"minecraft:emerald_ore":1,"biomesoplenty:fir_planks":45,"biomesoplenty:high_grass_plant":41,"minecraft:copper_ore":9,"minecraft:tall_grass":16,"minecraft:deepslate_gold_ore":20,"minecraft:lapis_ore":2,"minecraft:diorite":3,"minecraft:red_terracotta":30,"minecraft:coal_ore":41,"minecraft:gravel":6,"minecraft:cobweb":4,"minecraft:cracked_stone_bricks":2,"minecraft:stone_bricks":1,"minecraft:fern":10},"minecraft:killed_by":{"cobblemon:pokemon":3,"mutantmonsters:mutant_zombie":3,"mutantmonsters:mutant_creeper":1,"minecraft:blaze":12,"minecraft:zombie":9,"minecraft:player":1,"minecraft:spider":1,"minecraft:enderman":4,"iceandfire:amphithere":1,"mutantmonsters:mutant_skeleton":4,"minecraft:skeleton":3,"iceandfire:ghost":9,"cave_dweller:cave_dweller":2},"minecraft:crafted":{"minecraft:oak_planks":44,"minecraft:smooth_stone":2,"cobblemon:potion":2,"minecraft:stone":5,"minecraft:cooked_mutton":10,"iceandfire:armor_copper_metal_boots":1,"minecraft:glass":1,"minecraft:iron_boots":1,"biomesoplenty:fir_slab":6,"iceandfire:armor_copper_metal_chestplate":2,"minecraft:chest":8,"minecraft:oak_button":2,"minecraft:cooked_rabbit":3,"iceandfire:silver_axe":1,"minecraft:wooden_shovel":1,"sophisticatedbackpacks:backpack":1,"biomesoplenty:jacaranda_planks":112,"minecraft:crafting_table":6,"minecraft:wooden_pickaxe":1,"minecraft:iron_helmet":3,"minecraft:copper_ingot":61,"minecraft:birch_planks":8,"biomesoplenty:jacaranda_slab":6,"biomesoplenty:jacaranda_fence":12,"biomesoplenty:fir_planks":256,"cobblemon:poke_ball":68,"minecraft:iron_chestplate":1,"minecraft:diamond_pickaxe":1,"minecraft:shield":2,"minecraft:stick":104,"minecraft:iron_ingot":148,"minecraft:iron_pickaxe":1,"minecraft:gold_ingot":73,"iceandfire:silver_sword":1,"biomesoplenty:fir_door":3,"cobblemon:revive":1,"biomesoplenty:fir_stairs":64,"cobblemon:exp_share":1,"minecraft:iron_nugget":108,"minecraft:furnace":2,"iceandfire:armor_copper_metal_leggings":1,"minecraft:flint_and_steel":1,"minecraft:iron_axe":1,"minecraft:stone_pickaxe":1,"sophisticatedbackpacks:iron_backpack":2,"minecraft:cooked_cod":6,"iceandfire:silver_ingot":14,"biomesoplenty:redwood_planks":28,"minecraft:iron_sword":1,"cobblemon:pc":1,"sophisticatedbackpacks:gold_backpack":1,"minecraft:bread":126,"minecraft:air":0,"minecraft:white_wool":1,"minecraft:gold_nugget":72,"minecraft:wooden_axe":1,"minecraft:oak_stairs":4,"minecraft:iron_shovel":2,"minecraft:iron_leggings":1,"biomesoplenty:fir_button":1,"minecraft:white_bed":3,"minecraft:torch":252,"cobblemon:great_ball":28},"minecraft:used":{"minecraft:peony":1,"minecraft:beetroot":9,"minecraft:writable_book":1,"minecraft:red_sand":13,"minecraft:iron_shovel":300,"minecraft:chest":9,"minecraft:shield":34,"minecraft:iron_sword":182,"minecraft:rotten_flesh":20,"minecraft:nether_bricks":80,"minecraft:tuff":29,"easy_npc:humanoid_spawn_egg":4,"minecraft:lantern":1,"minecraft:iron_helmet":1,"magnumtorch:diamond_magnum_torch":2,"minecraft:scaffolding":1,"minecraft:furnace":4,"minecraft:cooked_cod":8,"biomesoplenty:jacaranda_fence":17,"minecraft:leather_leggings":1,"minecraft:stone_pickaxe":113,"minecraft:oak_planks":7,"minecraft:wooden_pickaxe":16,"biomesoplenty:fir_planks":94,"minecraft:cookie":4,"iceandfire:silver_axe":281,"biomesoplenty:jacaranda_planks":49,"minecraft:red_sandstone":126,"iceandfire:armor_copper_metal_chestplate":2,"minecraft:bread":155,"biomesoplenty:fir_stairs":83,"minecraft:gravel":5,"cobblemon:red_apricorn_seed":1,"minecraft:cooked_rabbit":3,"minecraft:stone_sword":9,"minecraft:flint_and_steel":64,"minecraft:wooden_shovel":10,"dtbop:jacaranda_seed":4,"minecraft:netherrack":71,"minecraft:oak_door":1,"minecraft:torch":229,"minecraft:dirt":127,"easy_npc:humanoid_slim_spawn_egg":1,"minecraft:nether_brick_stairs":2,"biomesoplenty:jacaranda_slab":5,"minecraft:granite":5,"minecraft:wooden_axe":13,"minecraft:iron_axe":91,"minecraft:oak_stairs":2,"waterframes:big_tv":2,"cobblemon:pc":1,"minecraft:basalt":3,"minecraft:cobbled_deepslate":236,"minecraft:wheat_seeds":404,"minecraft:cooked_mutton":10,"mutantmonsters:mutant_skeleton_leggings":1,"minecraft:red_nether_bricks":5,"minecraft:mossy_cobblestone":6,"biomesoplenty:fir_slab":4,"minecraft:crafting_table":18,"minecraft:birch_sign":1,"minecraft:white_bed":9,"minecraft:oak_log":2,"minecraft:diamond_pickaxe":701,"minecraft:apple":3,"minecraft:oak_button":1,"minecraft:iron_pickaxe":250,"minecraft:cobblestone":116,"biomesoplenty:fir_door":3}},"DataVersion":3465}