{"stats":{"minecraft:mined":{"minecraft:oak_leaves":4},"minecraft:custom":{"minecraft:jump":22,"minecraft:time_since_rest":7940,"minecraft:crouch_one_cm":119,"minecraft:play_one_minute":7940,"minecraft:leave_game":1,"minecraft:sprint_one_cm":5956,"minecraft:damage_taken":90,"minecraft:time_since_death":7940,"minecraft:walk_one_cm":11672,"minecraft:sneak_time":144,"minecraft:climb_one_cm":1327,"minecraft:fall_one_cm":778,"minecraft:fly_one_cm":33418,"minecraft:open_barrel":5},"minecraft:used":{"torchmaster:megatorch":3}},"DataVersion":2586}