{"stats":{"minecraft:crafted":{"minecraft:oak_planks":36,"iceandfire:armor_copper_metal_leggings":1,"iceandfire:armor_copper_metal_boots":1,"minecraft:stone_pickaxe":1,"iceandfire:armor_copper_metal_chestplate":2,"minecraft:chest":6,"minecraft:oak_button":1,"iceandfire:silver_axe":1,"iceandfire:silver_ingot":14,"minecraft:crafting_table":2,"minecraft:wooden_pickaxe":1,"minecraft:copper_ingot":61,"minecraft:air":0,"biomesoplenty:fir_planks":60,"cobblemon:poke_ball":24,"minecraft:shield":1,"minecraft:stick":32,"minecraft:oak_stairs":4,"minecraft:iron_ingot":26,"minecraft:iron_pickaxe":1,"minecraft:wooden_axe":1,"minecraft:torch":92,"iceandfire:silver_sword":1},"minecraft:dropped":{"minecraft:iron_ingot":15,"minecraft:bread":35,"iceandfire:silver_axe":1,"mutantmonsters:mutant_skeleton_boots":1,"cobblemon:oran_berry":19,"minecraft:coal":19,"minecraft:leather_helmet":1,"minecraft:coal_block":1,"minecraft:dirt":2,"mca:book_romance":1,"minecraft:diorite":1,"iceandfire:silver_sword":1,"cobblemon:poke_ball":17,"gravestone:obituary":13,"minecraft:writable_book":1,"minecraft:string":4,"minecraft:gravel":1,"cobblemon:lum_berry":1,"minecraft:tall_grass":1,"minecraft:rotten_flesh":2,"minecraft:oak_planks":17,"minecraft:oak_sign":4,"minecraft:leather_chestplate":1,"mutantmonsters:mutant_skeleton_leggings":1,"minecraft:acacia_sapling":2,"minecraft:leather_leggings":1,"minecraft:spider_eye":1,"minecraft:stone_pickaxe":1,"minecraft:egg":2},"minecraft:killed":{"minecraft:spider":2,"minecraft:phantom":2,"minecraft:skeleton":5,"cobblemon:pokemon":1,"minecraft:zombie":13,"iceandfire:ghost":2,"minecraft:enderman":3},"minecraft:picked_up":{"minecraft:crafting_table":4,"cobblemon:leaf_stone":1,"minecraft:wheat":39,"minecraft:chicken":3,"minecraft:leather_leggings":1,"cobblemon:red_apricorn":24,"minecraft:diamond_sword":1,"gravestone:obituary":4,"minecraft:string":9,"mutantmonsters:mutant_skeleton_skull":1,"minecraft:raw_copper":89,"cobblemon:lum_berry":1,"minecraft:smooth_stone_slab":1,"biomesoplenty:tall_lavender":1,"minecraft:white_carpet":3,"minecraft:oak_sign":7,"minecraft:cobbled_deepslate":74,"cobblemon:oran_berry":65,"minecraft:coal_block":1,"minecraft:chest":1,"minecraft:egg":2,"minecraft:stick":9,"minecraft:raw_iron":32,"minecraft:oak_door":5,"minecraft:torch":7,"sophisticatedbackpacks:backpack":1,"minecraft:cookie":4,"minecraft:diorite":1,"minecraft:redstone":17,"minecraft:arrow":2,"iceandfire:silver_ingot":1,"minecraft:rotten_flesh":32,"mutantmonsters:mutant_skeleton_rib":1,"minecraft:cobblestone":116,"iceandfire:silver_axe":1,"biomesoplenty:lavender":5,"minecraft:leather_chestplate":1,"minecraft:air":0,"minecraft:feather":1,"minecraft:potato":1,"biomesoplenty:fir_log":28,"minecraft:flint":1,"minecraft:tuff":27,"minecraft:oak_log":11,"mca:book_romance":1,"minecraft:lapis_lazuli":18,"mutantmonsters:mutant_skeleton_limb":2,"minecraft:dirt":4,"minecraft:bone":7,"minecraft:wheat_seeds":114,"minecraft:raw_gold":40,"minecraft:stone_pickaxe":1,"minecraft:iron_ingot":4,"miningmaster:divine_beryl":1,"minecraft:iron_sword":1,"minecraft:oak_planks":53,"cobblemon:sun_stone":1,"cobblemon:red_apricorn_seed":1,"minecraft:scaffolding":1,"minecraft:oak_slab":11,"minecraft:gravel":4,"minecraft:white_bed":3,"mutantmonsters:mutant_skeleton_leggings":1,"cobblemon:aspear_berry":29,"minecraft:spider_eye":3,"minecraft:leather_helmet":1,"minecraft:diamond":6,"cobblemon:poke_ball":1,"minecraft:writable_book":1,"dtbop:maple_seed":3,"minecraft:granite":1,"mutantmonsters:mutant_skeleton_boots":1,"minecraft:bread":39,"minecraft:coal":65,"iceandfire:raw_silver":14,"minecraft:ender_pearl":1},"minecraft:mined":{"minecraft:tuff":26,"minecraft:white_bed":2,"miningmaster:deepslate_divine_beryl_ore":1,"iceandfire:silver_ore":14,"minecraft:deepslate_diamond_ore":1,"gravestone:gravestone":17,"minecraft:granite":1,"biomesoplenty:bush":10,"minecraft:grass_block":2,"denseores:dense_deepslate_iron_ore":3,"denseores:dense_copper_ore":6,"minecraft:iron_ore":7,"minecraft:cobbled_deepslate":1,"biomesoplenty:lavender":5,"minecraft:deepslate_lapis_ore":1,"minecraft:peony":2,"minecraft:deepslate_iron_ore":6,"minecraft:stone":44,"dtbop:redwood_leaves":3,"minecraft:deepslate_redstone_ore":3,"denseores:dense_deepslate_coal_ore":9,"cobblemon:leaf_stone_ore":1,"minecraft:crafting_table":4,"minecraft:torch":2,"minecraft:chest":1,"minecraft:tall_grass":1,"denseores:dense_coal_ore":1,"minecraft:copper_ore":9,"minecraft:cobblestone":8,"minecraft:lapis_ore":2,"minecraft:deepslate_gold_ore":17,"minecraft:diorite":1,"minecraft:wall_torch":1,"denseores:dense_deepslate_diamond_ore":4,"minecraft:wheat":39,"minecraft:grass":7,"minecraft:oak_log":1,"minecraft:coal_ore":31,"minecraft:gravel":3,"minecraft:dirt":4,"minecraft:cobweb":4,"minecraft:deepslate":64,"minecraft:fern":3},"minecraft:killed_by":{"minecraft:player":1,"minecraft:spider":1,"minecraft:enderman":3,"mutantmonsters:mutant_skeleton":3,"minecraft:skeleton":1,"minecraft:zombie":4,"iceandfire:ghost":5,"cave_dweller:cave_dweller":1},"minecraft:custom":{"lootr:looted_stat":7,"minecraft:mob_kills":31,"minecraft:interact_with_crafting_table":20,"minecraft:damage_dealt_resisted":88,"minecraft:leave_game":6,"minecraft:time_since_death":4827,"minecraft:climb_one_cm":1819,"minecraft:sprint_one_cm":717819,"minecraft:walk_one_cm":532738,"minecraft:damage_blocked_by_shield":853,"minecraft:drop":86,"minecraft:damage_dealt_absorbed":47,"minecraft:play_time":257040,"minecraft:deaths":20,"minecraft:sneak_time":10982,"minecraft:walk_under_water_one_cm":2086,"minecraft:jump":3611,"minecraft:walk_on_water_one_cm":9277,"minecraft:total_world_time":257040,"minecraft:interact_with_furnace":20,"minecraft:sleep_in_bed":9,"minecraft:waystone_activated":1,"minecraft:time_since_rest":4856,"minecraft:damage_taken":6954,"minecraft:damage_dealt":10204,"minecraft:swim_one_cm":6908,"minecraft:fly_one_cm":733970,"minecraft:open_chest":54,"minecraft:crouch_one_cm":29489,"minecraft:fall_one_cm":98786},"minecraft:used":{"minecraft:beetroot":7,"minecraft:writable_book":1,"minecraft:stone_sword":6,"minecraft:chest":7,"minecraft:shield":12,"minecraft:iron_sword":112,"minecraft:oak_door":1,"minecraft:torch":88,"minecraft:dirt":2,"easy_npc:humanoid_slim_spawn_egg":1,"easy_npc:humanoid_spawn_egg":3,"minecraft:tuff":24,"minecraft:granite":1,"minecraft:wooden_axe":9,"minecraft:oak_stairs":2,"waterframes:big_tv":1,"minecraft:scaffolding":1,"minecraft:cobbled_deepslate":59,"minecraft:leather_leggings":1,"mutantmonsters:mutant_skeleton_leggings":1,"minecraft:stone_pickaxe":113,"minecraft:oak_planks":7,"minecraft:wooden_pickaxe":16,"minecraft:cookie":3,"minecraft:crafting_table":4,"minecraft:birch_sign":1,"minecraft:white_bed":3,"iceandfire:silver_axe":56,"minecraft:oak_log":2,"iceandfire:armor_copper_metal_chestplate":2,"minecraft:iron_pickaxe":134,"minecraft:bread":45,"minecraft:oak_button":1,"minecraft:gravel":1,"minecraft:cobblestone":95,"cobblemon:red_apricorn_seed":1},"minecraft:broken":{"minecraft:leather_boots":1}},"DataVersion":3465}