{"stats":{"minecraft:mined":{"iceandfire:silver_ore":14,"minecraft:crafting_table":3,"gravestone:gravestone":10,"biomesoplenty:bush":9,"minecraft:grass_block":2,"minecraft:chest":1,"minecraft:copper_ore":4,"minecraft:tall_grass":1,"denseores:dense_copper_ore":6,"minecraft:wheat":39,"biomesoplenty:lavender":5,"minecraft:grass":5,"minecraft:coal_ore":19,"minecraft:oak_log":1,"minecraft:cobweb":4,"minecraft:stone":20,"dtbop:redwood_leaves":3,"minecraft:fern":3},"minecraft:picked_up":{"biomesoplenty:lavender":5,"minecraft:crafting_table":3,"minecraft:wheat":39,"minecraft:air":0,"minecraft:chicken":1,"cobblemon:red_apricorn":24,"minecraft:oak_log":11,"gravestone:obituary":2,"mca:book_romance":1,"mutantmonsters:mutant_skeleton_limb":2,"minecraft:dirt":2,"minecraft:string":8,"mutantmonsters:mutant_skeleton_skull":1,"minecraft:raw_copper":65,"minecraft:smooth_stone_slab":1,"minecraft:white_carpet":3,"biomesoplenty:tall_lavender":1,"minecraft:bone":4,"minecraft:oak_sign":7,"minecraft:wheat_seeds":112,"minecraft:iron_ingot":4,"cobblemon:oran_berry":29,"minecraft:chest":1,"minecraft:oak_planks":53,"minecraft:coal_block":1,"minecraft:iron_sword":1,"cobblemon:red_apricorn_seed":1,"cobblemon:sun_stone":1,"minecraft:egg":1,"minecraft:oak_slab":11,"minecraft:scaffolding":1,"minecraft:stick":9,"minecraft:oak_door":5,"minecraft:torch":2,"minecraft:gravel":1,"minecraft:cookie":4,"minecraft:white_bed":1,"iceandfire:silver_ingot":1,"minecraft:rotten_flesh":20,"minecraft:writable_book":1,"dtbop:maple_seed":3,"mutantmonsters:mutant_skeleton_rib":1,"minecraft:bread":32,"minecraft:coal":19,"iceandfire:raw_silver":14,"minecraft:cobblestone":22},"minecraft:custom":{"minecraft:interact_with_furnace":10,"lootr:looted_stat":5,"minecraft:mob_kills":8,"minecraft:interact_with_crafting_table":13,"minecraft:leave_game":4,"minecraft:time_since_death":13281,"minecraft:sleep_in_bed":6,"minecraft:climb_one_cm":1379,"minecraft:time_since_rest":903,"minecraft:waystone_activated":1,"minecraft:sprint_one_cm":419870,"minecraft:damage_taken":4382,"minecraft:walk_one_cm":251196,"minecraft:drop":59,"minecraft:damage_dealt":3569,"minecraft:swim_one_cm":3944,"minecraft:fly_one_cm":344071,"minecraft:open_chest":39,"minecraft:crouch_one_cm":2850,"minecraft:play_time":121787,"minecraft:deaths":13,"minecraft:sneak_time":1139,"minecraft:walk_under_water_one_cm":437,"minecraft:jump":1660,"minecraft:walk_on_water_one_cm":944,"minecraft:total_world_time":121787,"minecraft:fall_one_cm":41538},"minecraft:crafted":{"minecraft:oak_planks":36,"minecraft:crafting_table":2,"minecraft:wooden_pickaxe":1,"iceandfire:armor_copper_metal_leggings":1,"minecraft:copper_ingot":41,"minecraft:air":0,"cobblemon:poke_ball":24,"minecraft:stick":4,"iceandfire:armor_copper_metal_chestplate":1,"minecraft:stone_pickaxe":1,"minecraft:oak_stairs":4,"minecraft:wooden_axe":1,"minecraft:chest":4,"minecraft:oak_button":1},"minecraft:killed_by":{"minecraft:player":1,"mutantmonsters:mutant_skeleton":3,"minecraft:skeleton":1,"minecraft:spider":1,"minecraft:zombie":2,"iceandfire:ghost":4},"minecraft:dropped":{"minecraft:bread":17,"minecraft:tall_grass":1,"minecraft:rotten_flesh":2,"minecraft:oak_planks":5,"minecraft:oak_sign":4,"minecraft:coal_block":1,"cobblemon:oran_berry":16,"mca:book_romance":1,"cobblemon:poke_ball":12,"minecraft:acacia_sapling":2,"gravestone:obituary":9,"minecraft:writable_book":1,"minecraft:string":4,"minecraft:egg":1},"minecraft:killed":{"cobblemon:pokemon":1,"minecraft:skeleton":1,"minecraft:zombie":4,"iceandfire:ghost":1},"minecraft:used":{"minecraft:beetroot":7,"minecraft:leather_leggings":1,"minecraft:writable_book":1,"minecraft:stone_pickaxe":48,"minecraft:oak_planks":7,"minecraft:chest":5,"minecraft:wooden_pickaxe":16,"minecraft:iron_sword":57,"minecraft:oak_door":1,"minecraft:dirt":2,"minecraft:crafting_table":3,"minecraft:birch_sign":1,"minecraft:white_bed":1,"minecraft:oak_log":2,"minecraft:wooden_axe":6,"minecraft:oak_stairs":2,"minecraft:bread":24,"minecraft:oak_button":1,"waterframes:big_tv":1,"cobblemon:red_apricorn_seed":1,"minecraft:cobblestone":1,"minecraft:scaffolding":1}},"DataVersion":3465}