{"stats":{"minecraft:crafted":{"minecraft:oak_planks":36,"iceandfire:armor_copper_metal_leggings":1,"iceandfire:armor_copper_metal_boots":1,"minecraft:stone_pickaxe":1,"iceandfire:armor_copper_metal_chestplate":2,"minecraft:chest":6,"minecraft:oak_button":1,"sophisticatedbackpacks:iron_backpack":1,"iceandfire:silver_axe":1,"iceandfire:silver_ingot":14,"minecraft:crafting_table":2,"minecraft:wooden_pickaxe":1,"minecraft:copper_ingot":61,"sophisticatedbackpacks:gold_backpack":1,"minecraft:air":0,"biomesoplenty:fir_planks":60,"cobblemon:poke_ball":24,"minecraft:shield":1,"minecraft:stick":48,"minecraft:oak_stairs":4,"minecraft:iron_ingot":38,"minecraft:iron_pickaxe":1,"minecraft:wooden_axe":1,"minecraft:gold_ingot":8,"minecraft:torch":144,"iceandfire:silver_sword":1},"minecraft:dropped":{"minecraft:iron_ingot":15,"minecraft:bread":35,"iceandfire:silver_axe":1,"mutantmonsters:mutant_skeleton_boots":1,"cobblemon:oran_berry":19,"minecraft:coal":19,"minecraft:leather_helmet":1,"minecraft:coal_block":1,"minecraft:dirt":2,"mca:book_romance":1,"minecraft:diorite":1,"iceandfire:silver_sword":1,"cobblemon:poke_ball":17,"gravestone:obituary":14,"minecraft:writable_book":1,"minecraft:string":4,"minecraft:gravel":1,"cobblemon:lum_berry":1,"minecraft:tall_grass":1,"minecraft:rotten_flesh":2,"minecraft:oak_planks":17,"minecraft:oak_sign":4,"minecraft:leather_chestplate":1,"mutantmonsters:mutant_skeleton_leggings":1,"minecraft:acacia_sapling":2,"minecraft:leather_leggings":1,"minecraft:spider_eye":1,"minecraft:stone_pickaxe":1,"minecraft:egg":2},"minecraft:killed":{"minecraft:spider":3,"minecraft:phantom":2,"minecraft:skeleton":7,"cobblemon:pokemon":1,"minecraft:zombie":20,"iceandfire:ghost":2,"minecraft:enderman":3},"minecraft:picked_up":{"minecraft:crafting_table":4,"cobblemon:leaf_stone":2,"minecraft:wheat":39,"minecraft:chicken":3,"minecraft:leather_leggings":1,"cobblemon:red_apricorn":24,"minecraft:diamond_sword":1,"gravestone:obituary":4,"minecraft:string":10,"mutantmonsters:mutant_skeleton_skull":1,"minecraft:raw_copper":89,"cobblemon:lum_berry":1,"minecraft:smooth_stone_slab":1,"biomesoplenty:tall_lavender":1,"minecraft:white_carpet":3,"minecraft:oak_sign":7,"minecraft:cobbled_deepslate":114,"cobblemon:oran_berry":65,"minecraft:coal_block":1,"minecraft:chest":2,"minecraft:egg":2,"minecraft:stick":9,"minecraft:raw_iron":57,"minecraft:oak_door":5,"minecraft:torch":7,"sophisticatedbackpacks:backpack":1,"minecraft:cookie":4,"minecraft:diorite":1,"minecraft:redstone":17,"minecraft:arrow":6,"iceandfire:silver_ingot":1,"minecraft:rotten_flesh":36,"mutantmonsters:mutant_skeleton_rib":1,"minecraft:cobblestone":116,"iceandfire:silver_axe":1,"biomesoplenty:lavender":5,"minecraft:leather_chestplate":1,"minecraft:air":0,"minecraft:feather":1,"minecraft:glow_ink_sac":2,"minecraft:potato":1,"biomesoplenty:fir_log":28,"minecraft:flint":1,"minecraft:tuff":30,"minecraft:oak_log":11,"megamons:anistarite_geode_block":29,"mca:book_romance":1,"minecraft:lapis_lazuli":35,"mutantmonsters:mutant_skeleton_limb":2,"minecraft:dirt":4,"minecraft:bone":10,"minecraft:wheat_seeds":114,"minecraft:raw_gold":57,"minecraft:stone_pickaxe":1,"minecraft:iron_ingot":4,"miningmaster:divine_beryl":1,"minecraft:iron_sword":1,"minecraft:oak_planks":53,"cobblemon:sun_stone":1,"cobblemon:red_apricorn_seed":1,"minecraft:scaffolding":1,"minecraft:oak_slab":11,"cobblemon:shiny_stone":1,"minecraft:gravel":6,"minecraft:white_bed":3,"mutantmonsters:mutant_skeleton_leggings":1,"cobblemon:aspear_berry":29,"minecraft:spider_eye":3,"minecraft:leather_helmet":1,"megamons:anistarite_rough_geode_block":5,"minecraft:diamond":15,"cobblemon:poke_ball":1,"minecraft:writable_book":1,"dtbop:maple_seed":3,"minecraft:granite":1,"mutantmonsters:mutant_skeleton_boots":1,"minecraft:bread":40,"minecraft:coal":68,"iceandfire:raw_silver":14,"minecraft:ender_pearl":1},"minecraft:mined":{"minecraft:tuff":29,"minecraft:white_bed":2,"miningmaster:deepslate_divine_beryl_ore":1,"iceandfire:silver_ore":14,"minecraft:deepslate_diamond_ore":2,"denseores:dense_deepslate_lapis_ore":2,"megamons:crystal_shiny_stone_ore":1,"gravestone:gravestone":21,"minecraft:granite":1,"biomesoplenty:bush":10,"minecraft:grass_block":2,"denseores:dense_deepslate_iron_ore":11,"denseores:dense_copper_ore":6,"minecraft:iron_ore":7,"minecraft:cobbled_deepslate":1,"biomesoplenty:lavender":5,"minecraft:deepslate_lapis_ore":1,"minecraft:peony":2,"denseores:dense_deepslate_gold_ore":5,"minecraft:deepslate_iron_ore":8,"minecraft:stone":44,"dtbop:redwood_leaves":3,"megamons:crystal_leaf_stone_ore":1,"megamons:anistarite_rough_geode_block":7,"minecraft:deepslate_redstone_ore":3,"megamons:anistarite_geode_block":34,"denseores:dense_deepslate_coal_ore":10,"cobblemon:leaf_stone_ore":1,"minecraft:crafting_table":4,"minecraft:torch":2,"minecraft:chest":2,"minecraft:tall_grass":1,"denseores:dense_coal_ore":1,"minecraft:copper_ore":9,"minecraft:cobblestone":8,"minecraft:lapis_ore":2,"minecraft:deepslate_gold_ore":17,"minecraft:diorite":1,"minecraft:wall_torch":1,"denseores:dense_deepslate_diamond_ore":7,"minecraft:wheat":39,"minecraft:grass":7,"minecraft:oak_log":1,"minecraft:coal_ore":31,"minecraft:gravel":5,"minecraft:dirt":4,"minecraft:cobweb":4,"minecraft:deepslate":103,"minecraft:fern":3},"minecraft:killed_by":{"minecraft:player":1,"minecraft:spider":1,"minecraft:enderman":3,"mutantmonsters:mutant_skeleton":3,"minecraft:skeleton":2,"minecraft:zombie":6,"iceandfire:ghost":5,"cave_dweller:cave_dweller":1},"minecraft:custom":{"lootr:looted_stat":7,"minecraft:mob_kills":41,"minecraft:interact_with_crafting_table":29,"minecraft:damage_dealt_resisted":88,"minecraft:leave_game":6,"minecraft:time_since_death":3555,"minecraft:climb_one_cm":1819,"minecraft:sprint_one_cm":831252,"minecraft:walk_one_cm":603956,"minecraft:damage_blocked_by_shield":883,"minecraft:drop":87,"minecraft:damage_dealt_absorbed":47,"minecraft:play_time":293040,"minecraft:deaths":24,"minecraft:sneak_time":13147,"minecraft:walk_under_water_one_cm":2197,"minecraft:jump":4341,"minecraft:walk_on_water_one_cm":11740,"minecraft:total_world_time":293040,"minecraft:interact_with_furnace":28,"minecraft:sleep_in_bed":9,"minecraft:waystone_activated":1,"minecraft:time_since_rest":3590,"minecraft:damage_taken":8167,"minecraft:damage_dealt":12294,"minecraft:swim_one_cm":6908,"minecraft:fly_one_cm":838888,"minecraft:open_chest":61,"minecraft:crouch_one_cm":35840,"minecraft:fall_one_cm":117043},"minecraft:used":{"minecraft:beetroot":7,"minecraft:writable_book":1,"minecraft:stone_sword":6,"minecraft:chest":8,"minecraft:shield":13,"minecraft:iron_sword":112,"minecraft:rotten_flesh":5,"minecraft:oak_door":1,"minecraft:torch":115,"minecraft:dirt":2,"easy_npc:humanoid_slim_spawn_egg":1,"easy_npc:humanoid_spawn_egg":3,"minecraft:tuff":29,"minecraft:granite":1,"minecraft:wooden_axe":9,"minecraft:oak_stairs":2,"waterframes:big_tv":1,"minecraft:scaffolding":1,"minecraft:cobbled_deepslate":111,"minecraft:leather_leggings":1,"mutantmonsters:mutant_skeleton_leggings":1,"minecraft:stone_pickaxe":113,"minecraft:oak_planks":7,"minecraft:wooden_pickaxe":16,"minecraft:cookie":4,"minecraft:crafting_table":4,"minecraft:birch_sign":1,"minecraft:white_bed":3,"iceandfire:silver_axe":90,"minecraft:oak_log":2,"iceandfire:armor_copper_metal_chestplate":2,"minecraft:iron_pickaxe":241,"minecraft:bread":49,"minecraft:oak_button":1,"minecraft:gravel":3,"minecraft:cobblestone":95,"cobblemon:red_apricorn_seed":1},"minecraft:broken":{"minecraft:leather_boots":1}},"DataVersion":3465}