{"stats":{"minecraft:mined":{"minecraft:crafting_table":1,"gravestone:gravestone":1,"biomesoplenty:bush":8,"minecraft:grass_block":2,"minecraft:tall_grass":1,"biomesoplenty:lavender":5,"minecraft:grass":5,"minecraft:oak_log":1,"minecraft:cobweb":4,"minecraft:stone":15,"minecraft:fern":3},"minecraft:picked_up":{"biomesoplenty:lavender":5,"minecraft:crafting_table":1,"minecraft:wheat":1,"cobblemon:red_apricorn":3,"minecraft:oak_log":11,"gravestone:obituary":2,"mca:book_romance":1,"minecraft:dirt":2,"minecraft:string":8,"minecraft:smooth_stone_slab":1,"minecraft:white_carpet":3,"biomesoplenty:tall_lavender":1,"minecraft:bone":2,"minecraft:oak_sign":7,"minecraft:wheat_seeds":3,"minecraft:iron_ingot":1,"cobblemon:oran_berry":23,"minecraft:oak_planks":53,"minecraft:coal_block":1,"minecraft:iron_sword":1,"minecraft:egg":1,"minecraft:oak_slab":11,"minecraft:scaffolding":1,"minecraft:stick":9,"minecraft:oak_door":5,"minecraft:torch":1,"minecraft:cookie":4,"minecraft:white_bed":1,"minecraft:rotten_flesh":9,"minecraft:writable_book":1,"dtbop:maple_seed":3,"minecraft:bread":32,"minecraft:cobblestone":15},"minecraft:custom":{"lootr:looted_stat":5,"minecraft:mob_kills":2,"minecraft:interact_with_crafting_table":4,"minecraft:leave_game":4,"minecraft:time_since_death":479,"minecraft:sleep_in_bed":4,"minecraft:climb_one_cm":648,"minecraft:time_since_rest":4463,"minecraft:waystone_activated":1,"minecraft:sprint_one_cm":208224,"minecraft:damage_taken":1656,"minecraft:walk_one_cm":142808,"minecraft:drop":46,"minecraft:damage_dealt":1027,"minecraft:swim_one_cm":3944,"minecraft:fly_one_cm":183231,"minecraft:open_chest":17,"minecraft:crouch_one_cm":1782,"minecraft:play_time":74210,"minecraft:deaths":5,"minecraft:sneak_time":634,"minecraft:walk_under_water_one_cm":437,"minecraft:jump":897,"minecraft:walk_on_water_one_cm":568,"minecraft:total_world_time":74210,"minecraft:fall_one_cm":21218},"minecraft:crafted":{"minecraft:oak_planks":8,"minecraft:crafting_table":1,"minecraft:wooden_pickaxe":1,"minecraft:stick":4,"minecraft:oak_stairs":4,"minecraft:wooden_axe":1,"minecraft:chest":2,"minecraft:oak_button":1},"minecraft:killed_by":{"minecraft:skeleton":1,"minecraft:spider":1,"minecraft:zombie":2},"minecraft:dropped":{"minecraft:bread":17,"minecraft:rotten_flesh":2,"minecraft:oak_planks":5,"minecraft:oak_sign":4,"minecraft:coal_block":1,"cobblemon:oran_berry":12,"mca:book_romance":1,"gravestone:obituary":4,"minecraft:writable_book":1,"minecraft:string":4},"minecraft:killed":{"minecraft:zombie":2},"minecraft:used":{"minecraft:beetroot":1,"minecraft:writable_book":1,"minecraft:oak_planks":7,"minecraft:chest":2,"minecraft:wooden_pickaxe":15,"minecraft:iron_sword":11,"minecraft:oak_door":1,"minecraft:dirt":2,"minecraft:crafting_table":1,"minecraft:birch_sign":1,"minecraft:white_bed":1,"minecraft:oak_log":2,"minecraft:wooden_axe":3,"minecraft:oak_stairs":2,"minecraft:bread":14,"waterframes:big_tv":1,"minecraft:cobblestone":1,"minecraft:scaffolding":1}},"DataVersion":3465}