{"stats":{"minecraft:custom":{"minecraft:time_since_rest":9363,"minecraft:crouch_one_cm":156,"minecraft:damage_taken":140,"minecraft:play_one_minute":11738,"minecraft:leave_game":2,"minecraft:time_since_death":9329,"minecraft:sprint_one_cm":17841,"minecraft:walk_one_cm":6506,"minecraft:walk_on_water_one_cm":368,"minecraft:deaths":1,"minecraft:sneak_time":534,"minecraft:walk_under_water_one_cm":47,"minecraft:fall_one_cm":836,"minecraft:fly_one_cm":377213,"minecraft:jump":99},"minecraft:mined":{"minecraft:grass":1,"minecraft:oak_leaves":2},"minecraft:killed_by":{"wyrmroost:butterfly_leviathan":1}},"DataVersion":2586}