{"stats":{"minecraft:killed":{"mca:female_zombie_villager":2,"hordes:zombie_player":3,"minecraft:spider":4,"quark:toretoise":1,"minecraft:skeleton":10,"legend_sword:shadow":7,"alexsmobs:centipede_head":3,"minecraft:drowned":37,"quark:stoneling":1,"minecraft:creeper":2,"minecraft:sheep":1,"minecraft:zombie":66,"alexsmobs:crow":1},"minecraft:picked_up":{"minecraft:iron_chestplate":4,"minecraft:wheat":17,"minecraft:ladder":1,"minecraft:chicken":2,"minecraft:leather_leggings":3,"tconstruct:materials_and_you":1,"wyrmroost:platinum_ore":19,"legend_sword:true_wooden_sword":2,"cavesandcliffs:raw_iron":24,"minecraft:shield":1,"minecraft:string":8,"minecraft:red_bed":4,"minecraft:iron_axe":5,"minecraft:iron_leggings":3,"minecraft:spruce_planks":1,"create:zinc_ore":1,"minecraft:spruce_slab":27,"minecraft:iron_pickaxe":3,"natural-progression:bone_shard":4,"minecraft:birch_sapling":4,"natural-progression:stone_pebble":292,"minecraft:spruce_trapdoor":10,"minecraft:iron_boots":3,"minecraft:stick":12,"natural-progression:bone_pickaxe":1,"minecraft:torch":20,"natural-progression:flint_hatchet":1,"sophisticatedbackpacks:backpack":1,"minecraft:redstone":13,"legend_sword:glowed_dust":11,"minecraft:carrot":48,"alexsmobs:centipede_leg":18,"legend_sword:shadow_dust":9,"minecraft:rotten_flesh":290,"quark:yellow_crystal":4,"minecraft:arrow":16,"quark:smooth_basalt":6,"cavesandcliffs:raw_gold":9,"minecraft:shears":2,"minecraft:iron_block":22,"firstaid:bandage":11,"minecraft:mutton":2,"minecraft:white_wool":9,"minecraft:cobblestone":38,"minecraft:birch_log":6,"minecraft:leather_chestplate":3,"legend_sword:big_glowed_ingot":6,"minecraft:feather":3,"minecraft:potato":29,"minecraft:birch_planks":26,"minecraft:flint":16,"quark:music_disc_rain":1,"minecraft:oak_log":8,"quark:yellow_crystal_cluster":20,"minecraft:gunpowder":3,"minecraft:dirt":52,"quark:red_crystal":4,"minecraft:leather_boots":3,"minecraft:red_carpet":7,"minecraft:bone":15,"create:copper_ore":1,"minecraft:apple":1,"minecraft:bow":2,"minecraft:wheat_seeds":66,"cavesandcliffs:raw_copper":52,"minecraft:iron_ingot":2,"cavesandcliffs:dripstone_block":8,"minecraft:iron_sword":3,"minecraft:oak_planks":162,"quark:red_crystal_cluster":13,"legend_sword:glowen_flesh":15,"minecraft:oak_slab":7,"cavesandcliffs:cobbled_deepslate":18,"cavesandcliffs:pointed_dripstone":3,"minecraft:gravel":3,"enigmaticlegacy:enigmatic_amulet":3,"minecraft:sand":2,"minecraft:stripped_spruce_log":3,"legend_sword:shabby_paper":2,"natural-progression:improved_saw":3,"alexsmobs:animal_dictionary":1,"minecraft:spider_eye":1,"minecraft:leather_helmet":3,"cavesandcliffs:copper_ingot":3,"quark:cobbled_deepslate":59,"enigmaticlegacy:cursed_ring":1,"minecraft:diamond":9,"cavesandcliffs:tuff":2,"minecraft:soul_lantern":3,"waystones:waystone":1,"minecraft:iron_helmet":3,"minecraft:bread":61,"minecraft:baked_potato":2,"minecraft:oak_sapling":15,"minecraft:coal":65},"minecraft:killed_by":{"minecraft:player":1,"minecraft:spider":3,"hordes:zombie_player":3,"alexsmobs:centipede_head":11,"minecraft:skeleton":6,"minecraft:zombie":3},"minecraft:custom":{"minecraft:mob_kills":148,"minecraft:animals_bred":6,"minecraft:interact_with_crafting_table":16,"minecraft:open_barrel":49,"minecraft:leave_game":4,"minecraft:time_since_death":11554,"minecraft:climb_one_cm":32055,"minecraft:sprint_one_cm":302011,"minecraft:walk_one_cm":660375,"minecraft:damage_blocked_by_shield":3740,"minecraft:drop":35,"minecraft:damage_dealt_absorbed":26,"minecraft:sneak_time":11565,"minecraft:deaths":30,"minecraft:walk_under_water_one_cm":3892,"minecraft:jump":1891,"minecraft:walk_on_water_one_cm":48879,"minecraft:interact_with_furnace":18,"minecraft:play_one_minute":273484,"minecraft:sleep_in_bed":7,"minecraft:time_since_rest":11585,"minecraft:waystone_activated":1,"minecraft:damage_taken":8531,"minecraft:damage_dealt":26951,"minecraft:player_kills":3,"minecraft:swim_one_cm":29366,"minecraft:fly_one_cm":194509,"minecraft:open_chest":41,"minecraft:crouch_one_cm":15880,"minecraft:fall_one_cm":28651},"minecraft:broken":{"minecraft:shield":1},"minecraft:dropped":{"minecraft:bread":16,"create:copper_ore":1,"natural-progression:improved_saw":1,"legend_sword:glowen_flesh":1,"minecraft:leather_helmet":2,"firstaid:bandage":5,"minecraft:bone":1,"minecraft:rotten_flesh":33,"minecraft:oak_planks":32,"minecraft:leather_chestplate":2,"minecraft:leather_boots":1,"minecraft:leather_leggings":1,"minecraft:spruce_slab":2},"minecraft:mined":{"create:zinc_ore":1,"minecraft:spruce_planks":1,"quark:red_crystal":1,"cavesandcliffs:deepslate_gold_ore":9,"minecraft:ladder":1,"minecraft:grass_block":5,"minecraft:large_fern":3,"quark:yellow_crystal_cluster":2,"minecraft:iron_ore":18,"wyrmroost:platinum_ore":19,"create:copper_ore":1,"treechop:chopped_log":10,"quark:red_crystal_cluster":5,"minecraft:vine":7,"cavesandcliffs:deepslate_iron_ore":3,"minecraft:stone":92,"minecraft:iron_block":19,"minecraft:spruce_slab":16,"minecraft:oak_slab":5,"minecraft:red_bed":4,"minecraft:torch":1,"minecraft:cobblestone":15,"minecraft:oak_planks":2,"cavesandcliffs:dripstone_block":3,"cavesandcliffs:deepslate_coal_ore":12,"minecraft:birch_log":6,"cavesandcliffs:deepslate_diamond_ore":6,"minecraft:birch_leaves":52,"cavesandcliffs:tuff":2,"quark:deepslate":58,"cavesandcliffs:copper_ore":7,"minecraft:grass":7,"minecraft:oak_log":8,"minecraft:coal_ore":30,"cavesandcliffs:deepslate_redstone_ore":3,"minecraft:gravel":4,"minecraft:sand":1,"minecraft:dirt":10,"cavesandcliffs:deepslate":16,"minecraft:oak_leaves":110,"cavesandcliffs:pointed_dripstone":1,"quark:root":1},"minecraft:used":{"quark:cobbled_deepslate":1,"minecraft:spruce_slab":14,"minecraft:ladder":7,"minecraft:oak_sign":1,"minecraft:chest":2,"minecraft:spruce_planks":2,"minecraft:shield":131,"minecraft:iron_sword":199,"minecraft:torch":20,"minecraft:dirt":50,"legend_sword:true_wooden_sword":218,"minecraft:stripped_spruce_log":1,"minecraft:birch_door":1,"minecraft:iron_axe":100,"minecraft:grass_block":1,"cavesandcliffs:dripstone_block":55,"create:zinc_ore":1,"minecraft:bow":1,"natural-progression:bone_pickaxe":3,"torchmaster:megatorch":2,"natural-progression:improved_saw":29,"minecraft:baked_potato":3,"minecraft:oak_planks":25,"minecraft:spruce_sign":1,"cavesandcliffs:cobbled_deepslate":1,"minecraft:oak_slab":18,"minecraft:red_bed":6,"minecraft:campfire":3,"waystones:waystone":1,"minecraft:apple":1,"minecraft:bread":13,"minecraft:iron_pickaxe":323,"minecraft:cobblestone":52,"natural-progression:flint_hatchet":2},"minecraft:crafted":{"minecraft:wooden_sword":1,"legend_sword:true_wooden_sword":1,"minecraft:oak_planks":32,"legend_sword:glowed_dust":12,"minecraft:iron_boots":1,"minecraft:iron_axe":2,"minecraft:stripped_birch_log":13,"minecraft:birch_door":3,"natural-progression:flint_hatchet":1,"minecraft:stripped_oak_log":8,"minecraft:spruce_planks":3,"minecraft:iron_helmet":1,"minecraft:baked_potato":4,"minecraft:iron_sword":1,"minecraft:birch_planks":52,"minecraft:air":0,"minecraft:iron_chestplate":1,"minecraft:cobblestone":36,"minecraft:shield":1,"minecraft:stick":12,"natural-progression:improved_saw":1,"minecraft:iron_ingot":171,"minecraft:iron_pickaxe":1,"minecraft:iron_leggings":1,"minecraft:torch":12,"minecraft:shears":1}},"DataVersion":2586}