{"stats":{"minecraft:mined":{"biomesoplenty:glowing_moss_block":2,"biomesoplenty:blue_hydrangea":4,"biomesoplenty:glowing_moss_carpet":1,"minecraft:crafting_table":1,"minecraft:grass":45,"biomesoplenty:clover":7,"minecraft:grass_block":2,"biomesoplenty:high_grass":29,"minecraft:dirt":2,"biomesoplenty:high_grass_plant":34,"minecraft:tall_grass":4,"biomesoplenty:sprout":10},"minecraft:custom":{"minecraft:time_since_rest":7446,"minecraft:sprint_one_cm":59627,"minecraft:damage_taken":662,"minecraft:walk_one_cm":119332,"minecraft:damage_dealt":163,"minecraft:swim_one_cm":5301,"minecraft:interact_with_crafting_table":1,"minecraft:fly_one_cm":115707,"minecraft:crouch_one_cm":1750,"minecraft:play_time":41024,"minecraft:deaths":2,"minecraft:sneak_time":623,"minecraft:walk_under_water_one_cm":1733,"minecraft:jump":667,"minecraft:walk_on_water_one_cm":5090,"minecraft:time_since_death":7418,"minecraft:total_world_time":41024,"minecraft:fall_one_cm":20004},"minecraft:picked_up":{"minecraft:stick":24,"minecraft:crafting_table":1,"dtbop:flowering_oak_seed":5,"minecraft:oak_log":7,"dtbop:magic_poplar_seed":4,"cobblemon:wepear_berry":14,"biomesoplenty:glowing_moss_block":2,"minecraft:dirt":4,"biomesoplenty:glowing_moss_carpet":2,"biomesoplenty:blue_hydrangea":4,"minecraft:wheat_seeds":6,"biomesoplenty:magic_log":6},"minecraft:used":{"minecraft:wooden_axe":3,"biomesoplenty:glowing_moss_carpet":1,"minecraft:dirt":3,"minecraft:crafting_table":1},"minecraft:killed_by":{"minecraft:witch":1},"minecraft:crafted":{"minecraft:crafting_table":1,"minecraft:wooden_axe":1,"biomesoplenty:magic_planks":24}},"DataVersion":3465}