{"stats":{"minecraft:custom":{"minecraft:mob_kills":16,"minecraft:interact_with_crafting_table":7,"minecraft:open_barrel":4,"minecraft:play_one_minute":116249,"minecraft:leave_game":1,"minecraft:time_since_death":1286,"minecraft:sleep_in_bed":1,"minecraft:climb_one_cm":14425,"minecraft:time_since_rest":1318,"minecraft:waystone_activated":1,"minecraft:sprint_one_cm":131482,"minecraft:damage_taken":1668,"minecraft:walk_one_cm":176780,"minecraft:damage_blocked_by_shield":870,"minecraft:drop":2,"minecraft:damage_dealt":2762,"minecraft:damage_dealt_absorbed":26,"minecraft:swim_one_cm":22945,"minecraft:fly_one_cm":92131,"minecraft:player_kills":2,"minecraft:open_chest":14,"minecraft:crouch_one_cm":1223,"minecraft:deaths":8,"minecraft:sneak_time":4283,"minecraft:walk_under_water_one_cm":1726,"minecraft:jump":519,"minecraft:walk_on_water_one_cm":14722,"minecraft:fall_one_cm":5604},"minecraft:killed":{"hordes:zombie_player":1,"minecraft:spider":3,"minecraft:skeleton":9,"minecraft:zombie":2},"minecraft:crafted":{"minecraft:iron_helmet":1,"minecraft:birch_planks":24,"minecraft:iron_boots":1,"minecraft:iron_chestplate":1,"minecraft:shield":1,"minecraft:iron_axe":1,"minecraft:iron_pickaxe":1,"minecraft:iron_ingot":171,"minecraft:iron_leggings":1,"minecraft:stripped_birch_log":6,"minecraft:birch_door":3,"natural-progression:flint_hatchet":1},"minecraft:mined":{"minecraft:spruce_planks":1,"minecraft:red_bed":4,"minecraft:grass_block":1,"minecraft:large_fern":3,"minecraft:birch_log":6,"minecraft:iron_ore":2,"minecraft:birch_leaves":44,"treechop:chopped_log":4,"minecraft:grass":2,"minecraft:vine":4,"minecraft:iron_block":19,"minecraft:oak_leaves":6,"minecraft:spruce_slab":14},"minecraft:dropped":{"natural-progression:improved_saw":1,"minecraft:bone":1},"minecraft:killed_by":{"minecraft:player":1,"minecraft:skeleton":4,"minecraft:spider":3},"minecraft:picked_up":{"minecraft:birch_log":6,"minecraft:leather_chestplate":1,"minecraft:leather_leggings":1,"tconstruct:materials_and_you":1,"cavesandcliffs:raw_iron":5,"minecraft:flint":15,"minecraft:string":3,"minecraft:dirt":1,"minecraft:red_bed":4,"minecraft:iron_axe":1,"minecraft:leather_boots":1,"minecraft:bone":11,"minecraft:bow":2,"minecraft:spruce_planks":1,"minecraft:spruce_slab":18,"minecraft:iron_pickaxe":1,"natural-progression:bone_shard":4,"minecraft:birch_sapling":2,"minecraft:oak_planks":5,"natural-progression:stone_pebble":32,"minecraft:stick":9,"natural-progression:bone_pickaxe":1,"natural-progression:flint_hatchet":1,"enigmaticlegacy:enigmatic_amulet":1,"natural-progression:improved_saw":1,"minecraft:spider_eye":1,"alexsmobs:animal_dictionary":1,"minecraft:leather_helmet":1,"minecraft:arrow":13,"minecraft:rotten_flesh":5,"enigmaticlegacy:cursed_ring":1,"waystones:waystone":1,"minecraft:iron_block":22,"minecraft:oak_sapling":7},"minecraft:used":{"natural-progression:improved_saw":29,"minecraft:spruce_slab":14,"minecraft:oak_sign":1,"minecraft:oak_planks":5,"minecraft:chest":2,"minecraft:spruce_planks":1,"minecraft:shield":35,"minecraft:spruce_sign":1,"minecraft:dirt":1,"minecraft:red_bed":6,"minecraft:campfire":3,"minecraft:birch_door":1,"waystones:waystone":1,"minecraft:grass_block":1,"minecraft:iron_axe":47,"minecraft:iron_pickaxe":18,"natural-progression:bone_pickaxe":3,"minecraft:bow":1,"torchmaster:megatorch":2,"natural-progression:flint_hatchet":2}},"DataVersion":2586}