{"stats":{"minecraft:broken":{"minecraft:leather_boots":2,"minecraft:iron_pickaxe":1},"minecraft:killed_by":{"cobblemon:pokemon":1,"mutantmonsters:mutant_zombie":3,"minecraft:player":1,"minecraft:spider":1,"minecraft:enderman":4,"mutantmonsters:mutant_creeper":1,"mutantmonsters:mutant_skeleton":4,"minecraft:skeleton":3,"minecraft:zombie":7,"iceandfire:ghost":8,"cave_dweller:cave_dweller":2},"minecraft:custom":{"lootr:looted_stat":11,"minecraft:mob_kills":58,"minecraft:interact_with_crafting_table":56,"minecraft:damage_dealt_resisted":88,"minecraft:leave_game":10,"minecraft:time_since_death":27124,"minecraft:climb_one_cm":2362,"minecraft:sprint_one_cm":1668545,"minecraft:walk_one_cm":1126108,"minecraft:damage_blocked_by_shield":1623,"minecraft:drop":127,"minecraft:damage_dealt_absorbed":47,"minecraft:play_time":514274,"minecraft:deaths":40,"minecraft:sneak_time":17701,"minecraft:walk_under_water_one_cm":6519,"minecraft:jump":8848,"minecraft:walk_on_water_one_cm":27470,"minecraft:total_world_time":514274,"minecraft:interact_with_furnace":58,"minecraft:sleep_in_bed":19,"minecraft:waystone_activated":1,"minecraft:time_since_rest":27149,"minecraft:damage_taken":14409,"minecraft:trigger_trapped_chest":1,"minecraft:damage_dealt":17057,"minecraft:swim_one_cm":17627,"minecraft:fly_one_cm":1757308,"minecraft:open_chest":128,"minecraft:crouch_one_cm":47911,"minecraft:fall_one_cm":257213},"minecraft:killed":{"minecraft:spider":4,"minecraft:phantom":2,"minecraft:skeleton":9,"cobblemon:pokemon":4,"minecraft:zombie":25,"iceandfire:ghost":3,"minecraft:enderman":3},"minecraft:picked_up":{"biomesoplenty:redwood_log":22,"minecraft:crafting_table":7,"cobblemon:leaf_stone":2,"minecraft:wheat":272,"minecraft:azure_bluet":1,"minecraft:chicken":5,"minecraft:leather_leggings":1,"cobblemon:red_apricorn":57,"minecraft:diamond_sword":1,"minecraft:oak_stairs":2,"gravestone:obituary":10,"cobblemon:wepear_berry":17,"dtbop:jacaranda_seed":8,"minecraft:string":14,"mutantmonsters:mutant_skeleton_skull":1,"minecraft:raw_copper":89,"cobblemon:lum_berry":2,"minecraft:smooth_stone_slab":1,"biomesoplenty:tall_lavender":1,"minecraft:white_carpet":3,"minecraft:oak_sign":7,"minecraft:cobbled_deepslate":241,"cobblemon:green_apricorn":4,"biomesoplenty:fir_planks":39,"cobblemon:oran_berry":96,"minecraft:cobblestone_slab":5,"minecraft:coal_block":1,"minecraft:chest":2,"cobblemon:green_apricorn_seed":1,"minecraft:furnace":1,"minecraft:egg":6,"minecraft:stick":51,"minecraft:raw_iron":155,"minecraft:oak_door":5,"minecraft:big_dripleaf":2,"minecraft:torch":16,"sophisticatedbackpacks:backpack":1,"minecraft:cookie":4,"minecraft:diorite":3,"minecraft:redstone":17,"miningmaster:spirit_garnet":1,"iceandfire:silver_ingot":1,"minecraft:arrow":9,"minecraft:rotten_flesh":44,"biomesoplenty:jacaranda_log":28,"dtbop:fir_seed":7,"mutantmonsters:mutant_skeleton_rib":1,"minecraft:mutton":2,"minecraft:white_wool":2,"minecraft:cobblestone":152,"iceandfire:silver_axe":1,"biomesoplenty:lavender":8,"minecraft:leather_chestplate":1,"minecraft:air":0,"minecraft:feather":3,"minecraft:glow_ink_sac":2,"minecraft:potato":1,"cobblemon:razz_berry":14,"biomesoplenty:fir_log":99,"minecraft:flint":2,"minecraft:tuff":30,"minecraft:oak_log":11,"biomesoplenty:jacaranda_planks":3,"biomesoplenty:fir_stairs":51,"minecraft:lapis_lazuli":69,"mca:book_romance":1,"megamons:anistarite_geode_block":29,"mutantmonsters:mutant_skeleton_limb":2,"minecraft:dirt":127,"minecraft:lantern":1,"minecraft:bone":11,"minecraft:wheat_seeds":793,"minecraft:raw_gold":116,"minecraft:iron_ingot":4,"minecraft:stone_pickaxe":1,"miningmaster:divine_beryl":1,"minecraft:iron_sword":1,"minecraft:oak_planks":54,"cobblemon:red_apricorn_seed":5,"cobblemon:sun_stone":1,"minecraft:scaffolding":1,"minecraft:oak_slab":11,"iceandfire:copper_nugget":14,"minecraft:sand":2,"dtbop:redwood_seed":4,"cobblemon:shiny_stone":1,"minecraft:gravel":7,"minecraft:amethyst_shard":58,"cobblemon:persim_berry":13,"biomesoplenty:fir_fence":1,"dtbop:mahogany_seed":1,"minecraft:white_bed":6,"mutantmonsters:mutant_skeleton_leggings":1,"cobblemon:aspear_berry":46,"minecraft:spider_eye":3,"minecraft:leather_helmet":1,"megamons:anistarite_rough_geode_block":5,"minecraft:diamond":20,"cobblemon:poke_ball":1,"minecraft:writable_book":1,"dtbop:maple_seed":3,"minecraft:granite":5,"mutantmonsters:mutant_skeleton_boots":1,"minecraft:bread":40,"iceandfire:silver_nugget":2,"minecraft:coal":90,"iceandfire:raw_silver":14,"minecraft:ender_pearl":1},"minecraft:mined":{"minecraft:tuff":29,"minecraft:farmland":8,"minecraft:white_bed":5,"miningmaster:deepslate_divine_beryl_ore":1,"iceandfire:silver_ore":14,"minecraft:deepslate_diamond_ore":2,"minecraft:budding_amethyst":1,"denseores:dense_deepslate_lapis_ore":6,"megamons:crystal_shiny_stone_ore":1,"gravestone:gravestone":33,"minecraft:granite":5,"biomesoplenty:bush":25,"minecraft:grass_block":50,"denseores:dense_deepslate_iron_ore":38,"denseores:dense_copper_ore":6,"minecraft:furnace":2,"dynamictrees:oak_undergrowth_leaves":1,"minecraft:iron_ore":16,"minecraft:cobbled_deepslate":1,"minecraft:fire":5,"biomesoplenty:lavender":6,"minecraft:deepslate_lapis_ore":1,"minecraft:azure_bluet":1,"minecraft:peony":2,"minecraft:small_amethyst_bud":1,"minecraft:vine":1,"minecraft:cobblestone_slab":5,"biomesoplenty:fir_stairs":48,"minecraft:dirt_path":31,"denseores:dense_deepslate_gold_ore":23,"minecraft:deepslate_iron_ore":13,"minecraft:oak_stairs":2,"dynamictrees:jungle_undergrowth_leaves":1,"minecraft:stone":88,"dtbop:redwood_leaves":3,"megamons:crystal_leaf_stone_ore":1,"megamons:anistarite_rough_geode_block":7,"minecraft:deepslate_redstone_ore":3,"megamons:anistarite_geode_block":34,"minecraft:medium_amethyst_bud":7,"denseores:dense_deepslate_coal_ore":10,"biomesoplenty:jacaranda_planks":3,"minecraft:amethyst_cluster":14,"cobblemon:leaf_stone_ore":1,"miningmaster:deepslate_spider_kunzite_ore":1,"minecraft:crafting_table":8,"minecraft:torch":4,"biomesoplenty:fir_planks":42,"minecraft:chest":4,"minecraft:copper_ore":9,"minecraft:tall_grass":14,"denseores:dense_coal_ore":5,"minecraft:cobblestone":8,"minecraft:lapis_ore":2,"minecraft:deepslate_gold_ore":20,"minecraft:oak_planks":1,"minecraft:diorite":3,"minecraft:wall_torch":5,"denseores:dense_deepslate_diamond_ore":9,"minecraft:wheat":314,"minecraft:grass":28,"minecraft:oak_log":1,"minecraft:coal_ore":41,"minecraft:sand":2,"minecraft:gravel":6,"minecraft:dirt":40,"minecraft:cobweb":4,"minecraft:large_amethyst_bud":3,"minecraft:deepslate":226,"minecraft:fern":10},"minecraft:used":{"minecraft:beetroot":9,"minecraft:writable_book":1,"minecraft:stone_sword":6,"minecraft:iron_shovel":166,"minecraft:flint_and_steel":43,"minecraft:chest":8,"minecraft:shield":29,"minecraft:iron_sword":130,"dtbop:jacaranda_seed":4,"minecraft:wooden_shovel":10,"minecraft:rotten_flesh":16,"minecraft:oak_door":1,"minecraft:torch":173,"minecraft:dirt":22,"easy_npc:humanoid_slim_spawn_egg":1,"biomesoplenty:jacaranda_slab":5,"easy_npc:humanoid_spawn_egg":3,"minecraft:tuff":29,"minecraft:granite":5,"minecraft:wooden_axe":9,"minecraft:lantern":1,"minecraft:oak_stairs":2,"waterframes:big_tv":1,"cobblemon:pc":1,"minecraft:scaffolding":1,"biomesoplenty:jacaranda_fence":12,"minecraft:cobbled_deepslate":215,"minecraft:wheat_seeds":339,"minecraft:leather_leggings":1,"mutantmonsters:mutant_skeleton_leggings":1,"minecraft:stone_pickaxe":113,"minecraft:oak_planks":7,"minecraft:wooden_pickaxe":16,"biomesoplenty:fir_planks":66,"minecraft:cookie":4,"biomesoplenty:fir_slab":4,"minecraft:crafting_table":8,"minecraft:birch_sign":1,"minecraft:white_bed":4,"iceandfire:silver_axe":257,"biomesoplenty:jacaranda_planks":49,"minecraft:oak_log":2,"minecraft:diamond_pickaxe":284,"minecraft:apple":3,"iceandfire:armor_copper_metal_chestplate":2,"minecraft:iron_pickaxe":250,"minecraft:bread":97,"minecraft:oak_button":1,"biomesoplenty:fir_stairs":82,"minecraft:gravel":5,"biomesoplenty:fir_door":3,"minecraft:cobblestone":113,"cobblemon:red_apricorn_seed":1,"minecraft:cooked_rabbit":1},"minecraft:dropped":{"biomesoplenty:fir_log":32,"minecraft:iron_ingot":15,"minecraft:bread":46,"iceandfire:silver_axe":1,"mutantmonsters:mutant_skeleton_boots":1,"biomesoplenty:jacaranda_planks":47,"minecraft:coal_block":1,"minecraft:coal":19,"minecraft:leather_helmet":1,"cobblemon:oran_berry":39,"minecraft:dirt":2,"mca:book_romance":1,"minecraft:diorite":1,"biomesoplenty:redwood_log":12,"iceandfire:silver_sword":1,"cobblemon:poke_ball":22,"gravestone:obituary":20,"minecraft:writable_book":1,"minecraft:string":4,"biomesoplenty:fir_stairs":14,"cobblemon:red_apricorn":4,"minecraft:gravel":1,"miningmaster:spirit_garnet":1,"cobblemon:lum_berry":1,"minecraft:tall_grass":1,"minecraft:rotten_flesh":2,"biomesoplenty:redwood_planks":6,"minecraft:oak_planks":17,"minecraft:azure_bluet":1,"minecraft:oak_sign":4,"minecraft:leather_chestplate":1,"minecraft:wooden_shovel":1,"minecraft:acacia_sapling":2,"mutantmonsters:mutant_skeleton_leggings":1,"minecraft:leather_leggings":1,"minecraft:spider_eye":1,"minecraft:stone_pickaxe":1,"sophisticatedbackpacks:iron_backpack":1,"minecraft:egg":2},"minecraft:crafted":{"biomesoplenty:fir_stairs":64,"minecraft:smooth_stone":2,"minecraft:oak_planks":36,"iceandfire:armor_copper_metal_leggings":1,"minecraft:stone":5,"iceandfire:armor_copper_metal_boots":1,"minecraft:flint_and_steel":1,"minecraft:glass":1,"minecraft:iron_boots":1,"biomesoplenty:fir_slab":6,"minecraft:stone_pickaxe":1,"iceandfire:armor_copper_metal_chestplate":2,"minecraft:chest":7,"minecraft:oak_button":2,"minecraft:cooked_rabbit":1,"sophisticatedbackpacks:iron_backpack":2,"iceandfire:silver_axe":1,"minecraft:wooden_shovel":1,"sophisticatedbackpacks:backpack":1,"biomesoplenty:jacaranda_planks":112,"iceandfire:silver_ingot":14,"minecraft:crafting_table":3,"biomesoplenty:redwood_planks":28,"minecraft:wooden_pickaxe":1,"minecraft:iron_helmet":1,"cobblemon:pc":1,"minecraft:copper_ingot":61,"sophisticatedbackpacks:gold_backpack":1,"biomesoplenty:jacaranda_slab":6,"minecraft:bread":55,"minecraft:air":0,"biomesoplenty:jacaranda_fence":12,"biomesoplenty:fir_planks":232,"cobblemon:poke_ball":44,"minecraft:diamond_pickaxe":1,"minecraft:iron_chestplate":1,"minecraft:shield":1,"minecraft:stick":80,"minecraft:oak_stairs":4,"minecraft:iron_ingot":62,"minecraft:iron_pickaxe":1,"minecraft:wooden_axe":1,"minecraft:iron_shovel":1,"minecraft:iron_leggings":1,"minecraft:gold_ingot":55,"biomesoplenty:fir_button":1,"minecraft:torch":196,"iceandfire:silver_sword":1,"biomesoplenty:fir_door":3}},"DataVersion":3465}