{"stats":{"minecraft:dropped":{"biomesoplenty:fir_log":32,"sophisticatedbackpacks:iron_backpack":1,"iceandfire:silver_axe":1,"minecraft:leather_helmet":1,"minecraft:dirt":2,"biomesoplenty:redwood_log":12,"cobblemon:poke_ball":22,"gravestone:obituary":48,"minecraft:writable_book":1,"minecraft:amethyst_shard":2,"cobblemon:red_apricorn":4,"minecraft:bone":14,"minecraft:gravel":1,"minecraft:rotten_flesh":2,"minecraft:oak_planks":17,"cobblemon:black_apricorn":4,"minecraft:azure_bluet":1,"minecraft:recovery_compass":1,"minecraft:leather_chestplate":1,"minecraft:acacia_sapling":2,"minecraft:leather_leggings":1,"minecraft:egg":2,"minecraft:iron_ingot":15,"minecraft:bread":75,"minecraft:wheat_seeds":2,"mutantmonsters:mutant_skeleton_boots":1,"cobblemon:potion":2,"biomesoplenty:jacaranda_planks":47,"minecraft:coal":19,"minecraft:coal_block":1,"cobblemon:oran_berry":40,"mca:book_romance":1,"minecraft:diorite":1,"iceandfire:silver_sword":1,"minecraft:string":4,"pkgbadges:the_boulder_badge":1,"biomesoplenty:fir_stairs":14,"miningmaster:spirit_garnet":1,"cobblemon:lum_berry":1,"minecraft:tall_grass":1,"biomesoplenty:redwood_planks":6,"minecraft:oak_sign":4,"minecraft:wooden_shovel":1,"mutantmonsters:mutant_skeleton_leggings":1,"minecraft:spider_eye":1,"minecraft:stone_pickaxe":1},"minecraft:killed_by":{"cobblemon:pokemon":2,"mutantmonsters:mutant_zombie":3,"mutantmonsters:mutant_creeper":1,"minecraft:blaze":10,"minecraft:zombie":8,"minecraft:player":1,"minecraft:spider":1,"minecraft:enderman":4,"iceandfire:amphithere":1,"mutantmonsters:mutant_skeleton":4,"minecraft:skeleton":3,"iceandfire:ghost":9,"cave_dweller:cave_dweller":2},"minecraft:crafted":{"minecraft:oak_planks":36,"minecraft:smooth_stone":2,"cobblemon:potion":2,"minecraft:stone":5,"iceandfire:armor_copper_metal_boots":1,"minecraft:glass":1,"minecraft:iron_boots":1,"biomesoplenty:fir_slab":6,"iceandfire:armor_copper_metal_chestplate":2,"minecraft:chest":8,"minecraft:oak_button":2,"minecraft:cooked_rabbit":1,"iceandfire:silver_axe":1,"minecraft:wooden_shovel":1,"sophisticatedbackpacks:backpack":1,"biomesoplenty:jacaranda_planks":112,"minecraft:crafting_table":6,"minecraft:wooden_pickaxe":1,"minecraft:iron_helmet":2,"minecraft:copper_ingot":61,"biomesoplenty:jacaranda_slab":6,"biomesoplenty:jacaranda_fence":12,"biomesoplenty:fir_planks":256,"cobblemon:poke_ball":68,"minecraft:iron_chestplate":1,"minecraft:diamond_pickaxe":1,"minecraft:shield":1,"minecraft:stick":88,"minecraft:iron_ingot":84,"minecraft:iron_pickaxe":1,"minecraft:gold_ingot":64,"iceandfire:silver_sword":1,"biomesoplenty:fir_door":3,"cobblemon:revive":1,"biomesoplenty:fir_stairs":64,"cobblemon:exp_share":1,"minecraft:iron_nugget":108,"minecraft:furnace":1,"iceandfire:armor_copper_metal_leggings":1,"minecraft:flint_and_steel":1,"minecraft:iron_axe":1,"minecraft:stone_pickaxe":1,"sophisticatedbackpacks:iron_backpack":2,"minecraft:cooked_cod":6,"iceandfire:silver_ingot":14,"biomesoplenty:redwood_planks":28,"minecraft:iron_sword":1,"cobblemon:pc":1,"sophisticatedbackpacks:gold_backpack":1,"minecraft:bread":126,"minecraft:air":0,"minecraft:white_wool":1,"minecraft:gold_nugget":72,"minecraft:wooden_axe":1,"minecraft:oak_stairs":4,"minecraft:iron_shovel":2,"minecraft:iron_leggings":1,"biomesoplenty:fir_button":1,"minecraft:white_bed":2,"minecraft:torch":196,"cobblemon:great_ball":28},"minecraft:killed":{"minecraft:spider":7,"minecraft:skeleton":11,"minecraft:sheep":2,"minecraft:zombie":32,"minecraft:blaze":2,"minecraft:phantom":3,"cobblemon:pokemon":8,"minecraft:wandering_trader":1,"iceandfire:ghost":3,"minecraft:enderman":3},"minecraft:mined":{"minecraft:large_amethyst_bud":3,"minecraft:white_bed":7,"minecraft:farmland":8,"megamons:crystal_shiny_stone_ore":1,"denseores:dense_deepslate_lapis_ore":6,"minecraft:granite":5,"minecraft:budding_amethyst":1,"minecraft:red_sand":30,"minecraft:grass_block":62,"minecraft:iron_ore":16,"minecraft:cobbled_deepslate":1,"minecraft:fire":25,"biomesoplenty:lavender":10,"minecraft:deepslate_lapis_ore":1,"minecraft:azure_bluet":1,"denseores:dense_deepslate_gold_ore":23,"minecraft:dirt_path":62,"minecraft:oak_stairs":2,"minecraft:small_amethyst_bud":1,"dynamictrees:jungle_undergrowth_leaves":1,"denseores:dense_nether_quartz_ore":3,"minecraft:spruce_slab":1,"minecraft:deepslate_redstone_ore":3,"megamons:anistarite_geode_block":34,"biomesoplenty:jacaranda_planks":3,"minecraft:medium_amethyst_bud":7,"minecraft:amethyst_cluster":14,"cobblemon:leaf_stone_ore":1,"minecraft:torch":4,"minecraft:chest":4,"minecraft:glass":1,"denseores:dense_coal_ore":5,"minecraft:cobblestone":13,"minecraft:oak_planks":3,"minecraft:wall_torch":5,"biomesoplenty:goldenrod":2,"denseores:dense_deepslate_diamond_ore":9,"minecraft:wheat":491,"minecraft:grass":72,"minecraft:oak_log":1,"minecraft:sand":8,"minecraft:dirt":43,"minecraft:netherrack":20,"minecraft:deepslate":226,"minecraft:tuff":29,"miningmaster:deepslate_divine_beryl_ore":1,"iceandfire:silver_ore":14,"minecraft:mossy_cobblestone":19,"cobblemon:shiny_stone_ore":1,"minecraft:deepslate_diamond_ore":2,"biomesoplenty:jacaranda_fence":15,"gravestone:gravestone":46,"biomesoplenty:bush":31,"minecraft:allium":1,"denseores:dense_deepslate_iron_ore":38,"denseores:dense_copper_ore":6,"minecraft:furnace":5,"dynamictrees:oak_undergrowth_leaves":4,"minecraft:red_sandstone":57,"minecraft:peony":3,"minecraft:cobblestone_slab":5,"minecraft:deepslate_iron_ore":13,"biomesoplenty:high_grass":38,"biomesoplenty:fir_stairs":48,"minecraft:vine":1,"minecraft:stone":92,"dtbop:redwood_leaves":3,"megamons:crystal_leaf_stone_ore":1,"megamons:anistarite_rough_geode_block":7,"denseores:dense_deepslate_coal_ore":10,"waterframes:big_tv":1,"minecraft:dandelion":1,"miningmaster:deepslate_spider_kunzite_ore":1,"minecraft:oak_fence":2,"minecraft:crafting_table":15,"biomesoplenty:fir_planks":45,"biomesoplenty:high_grass_plant":26,"minecraft:tall_grass":15,"minecraft:copper_ore":9,"minecraft:lapis_ore":2,"minecraft:deepslate_gold_ore":20,"minecraft:diorite":3,"minecraft:red_terracotta":29,"minecraft:coal_ore":41,"minecraft:gravel":6,"minecraft:cobweb":4,"minecraft:fern":10},"minecraft:broken":{"minecraft:iron_shovel":1,"minecraft:leather_boots":2,"minecraft:iron_pickaxe":1,"minecraft:iron_helmet":1,"iceandfire:silver_axe":1},"minecraft:custom":{"lootr:looted_stat":12,"minecraft:interact_with_crafting_table":72,"minecraft:leave_game":19,"minecraft:time_since_death":1200,"minecraft:sprint_one_cm":2470072,"minecraft:damage_blocked_by_shield":1723,"minecraft:drop":168,"minecraft:talked_to_villager":1,"minecraft:play_time":838901,"minecraft:deaths":58,"minecraft:jump":12819,"minecraft:walk_on_water_one_cm":63186,"minecraft:interact_with_furnace":88,"minecraft:traded_with_villager":27,"minecraft:sleep_in_bed":29,"minecraft:waystone_activated":2,"minecraft:damage_dealt":23883,"minecraft:crouch_one_cm":57053,"minecraft:mob_kills":81,"minecraft:damage_dealt_resisted":88,"minecraft:climb_one_cm":3747,"minecraft:walk_one_cm":1556466,"minecraft:damage_dealt_absorbed":47,"minecraft:sneak_time":24491,"minecraft:walk_under_water_one_cm":65228,"minecraft:total_world_time":838901,"minecraft:time_since_rest":1230,"minecraft:damage_taken":20684,"minecraft:trigger_trapped_chest":1,"minecraft:swim_one_cm":181306,"minecraft:fly_one_cm":3429653,"minecraft:open_chest":207,"minecraft:fall_one_cm":367855},"minecraft:used":{"minecraft:peony":1,"minecraft:beetroot":9,"minecraft:red_sand":4,"minecraft:writable_book":1,"minecraft:iron_shovel":275,"minecraft:chest":9,"minecraft:shield":31,"minecraft:iron_sword":147,"minecraft:rotten_flesh":20,"minecraft:tuff":29,"easy_npc:humanoid_spawn_egg":4,"minecraft:lantern":1,"magnumtorch:diamond_magnum_torch":2,"minecraft:scaffolding":1,"minecraft:furnace":3,"minecraft:cooked_cod":7,"biomesoplenty:jacaranda_fence":17,"minecraft:leather_leggings":1,"minecraft:stone_pickaxe":113,"minecraft:oak_planks":7,"minecraft:wooden_pickaxe":16,"biomesoplenty:fir_planks":94,"minecraft:cookie":4,"iceandfire:silver_axe":281,"biomesoplenty:jacaranda_planks":49,"minecraft:red_sandstone":59,"iceandfire:armor_copper_metal_chestplate":2,"minecraft:bread":149,"biomesoplenty:fir_stairs":83,"minecraft:gravel":5,"cobblemon:red_apricorn_seed":1,"minecraft:cooked_rabbit":1,"minecraft:stone_sword":9,"minecraft:flint_and_steel":54,"minecraft:wooden_shovel":10,"dtbop:jacaranda_seed":4,"minecraft:netherrack":9,"minecraft:oak_door":1,"minecraft:torch":203,"minecraft:dirt":127,"easy_npc:humanoid_slim_spawn_egg":1,"biomesoplenty:jacaranda_slab":5,"minecraft:granite":5,"minecraft:wooden_axe":9,"minecraft:iron_axe":91,"minecraft:oak_stairs":2,"waterframes:big_tv":2,"cobblemon:pc":1,"minecraft:basalt":3,"minecraft:cobbled_deepslate":233,"minecraft:wheat_seeds":339,"mutantmonsters:mutant_skeleton_leggings":1,"minecraft:mossy_cobblestone":6,"biomesoplenty:fir_slab":4,"minecraft:crafting_table":15,"minecraft:birch_sign":1,"minecraft:white_bed":8,"minecraft:oak_log":2,"minecraft:diamond_pickaxe":441,"minecraft:apple":3,"minecraft:oak_button":1,"minecraft:iron_pickaxe":250,"minecraft:cobblestone":116,"biomesoplenty:fir_door":3},"minecraft:picked_up":{"cobblemon:leaf_stone":2,"minecraft:wheat":428,"cobblemon:red_apricorn":84,"minecraft:diamond_sword":1,"minecraft:oak_stairs":2,"cobblemon:wepear_berry":17,"minecraft:string":15,"mutantmonsters:mutant_skeleton_skull":2,"minecraft:raw_copper":89,"minecraft:smooth_stone_slab":1,"biomesoplenty:tall_lavender":1,"dtbop:jacaranda_seed":8,"minecraft:oak_sign":7,"minecraft:red_sand":42,"minecraft:cobbled_deepslate":241,"biomesoplenty:fir_planks":41,"cobblemon:oran_berry":130,"minecraft:cobblestone_slab":5,"cobblemon:big_root":1,"minecraft:coal_block":1,"minecraft:furnace":4,"minecraft:stick":66,"minecraft:big_dripleaf":2,"minecraft:oak_fence":1,"minecraft:torch":18,"minecraft:diorite":3,"cobblemon:never_melt_ice":1,"mutantmonsters:mutant_skeleton_pelvis":1,"minecraft:rotten_flesh":50,"dtbop:fir_seed":7,"mutantmonsters:mutant_skeleton_shoulder_pad":2,"minecraft:cobblestone":161,"biomesoplenty:lavender":12,"minecraft:birch_log":8,"minecraft:leather_chestplate":1,"minecraft:feather":5,"cobblemon:great_ball":3,"cobblemon:ultra_ball":1,"minecraft:potato":1,"cobblemon:razz_berry":14,"biomesoplenty:fir_log":99,"minecraft:flint":2,"minecraft:tuff":30,"biomesoplenty:fir_stairs":60,"minecraft:lapis_lazuli":69,"megamons:anistarite_geode_block":29,"minecraft:dirt":174,"minecraft:lantern":1,"minecraft:bone":14,"minecraft:wheat_seeds":1234,"cobblemon:black_apricorn":4,"minecraft:raw_gold":116,"minecraft:rabbit":1,"minecraft:oak_planks":56,"cobblemon:sun_stone":1,"cobblemon:shiny_stone":2,"minecraft:sand":10,"cobblemon:persim_berry":13,"biomesoplenty:fir_fence":1,"mutantmonsters:mutant_skeleton_leggings":1,"cobblemon:aspear_berry":46,"minecraft:red_terracotta":23,"minecraft:mossy_cobblestone":18,"megamons:anistarite_rough_geode_block":5,"minecraft:diamond":20,"cobblemon:poke_ball":3,"minecraft:writable_book":1,"minecraft:granite":5,"minecraft:bread":40,"cobblemon:medicinal_leek":1,"minecraft:netherrack":18,"iceandfire:silver_nugget":2,"iceandfire:raw_silver":14,"biomesoplenty:redwood_log":22,"minecraft:crafting_table":13,"minecraft:allium":1,"minecraft:azure_bluet":1,"minecraft:chicken":8,"minecraft:leather_leggings":1,"gravestone:obituary":16,"biomesoplenty:jacaranda_fence":14,"cobblemon:lum_berry":2,"minecraft:white_carpet":3,"cobblemon:green_apricorn":4,"minecraft:spruce_slab":1,"minecraft:chest":2,"cobblemon:green_apricorn_seed":1,"minecraft:egg":6,"minecraft:raw_iron":190,"minecraft:oak_door":5,"sophisticatedbackpacks:backpack":1,"minecraft:cookie":4,"minecraft:redstone":18,"miningmaster:spirit_garnet":1,"iceandfire:silver_ingot":1,"minecraft:arrow":9,"biomesoplenty:jacaranda_log":28,"minecraft:peony":1,"mutantmonsters:mutant_skeleton_rib":7,"minecraft:gold_ingot":2,"minecraft:mutton":8,"cobblemon:blue_apricorn":15,"minecraft:white_wool":5,"iceandfire:silver_axe":1,"minecraft:air":0,"minecraft:basalt":7,"minecraft:glow_ink_sac":3,"biomesoplenty:goldenrod":1,"minecraft:oak_log":11,"biomesoplenty:jacaranda_planks":3,"mca:book_romance":1,"mutantmonsters:mutant_skeleton_limb":10,"minecraft:kelp":2,"minecraft:red_sandstone":56,"minecraft:rabbit_hide":1,"dynamictrees:birch_seed":3,"minecraft:iron_ingot":5,"minecraft:stone_pickaxe":1,"miningmaster:divine_beryl":1,"minecraft:iron_sword":1,"cobblemon:chilan_berry":1,"cobblemon:red_apricorn_seed":6,"minecraft:scaffolding":1,"minecraft:oak_slab":11,"iceandfire:copper_nugget":14,"minecraft:quartz":13,"minecraft:dandelion":1,"cobblemon:blue_apricorn_seed":1,"minecraft:gravel":7,"dtbop:redwood_seed":4,"waterframes:big_tv":1,"minecraft:amethyst_shard":60,"cobblemon:pink_apricorn":5,"minecraft:white_bed":8,"dtbop:mahogany_seed":1,"minecraft:spider_eye":4,"minecraft:leather_helmet":1,"dtbop:maple_seed":3,"mutantmonsters:mutant_skeleton_boots":1,"minecraft:coal":90,"minecraft:ender_pearl":2}},"DataVersion":3465}