{"stats":{"minecraft:broken":{"minecraft:iron_shovel":1,"minecraft:iron_boots":1,"minecraft:iron_leggings":1,"minecraft:leather_boots":2,"minecraft:iron_pickaxe":1,"minecraft:iron_helmet":1,"iceandfire:silver_axe":1},"minecraft:killed":{"minecraft:zombified_piglin":1,"minecraft:spider":8,"minecraft:skeleton":17,"minecraft:chicken":1,"minecraft:sheep":2,"minecraft:pillager":2,"minecraft:zombie":41,"minecraft:blaze":6,"mca:female_zombie_villager":1,"minecraft:phantom":5,"cobblemon:pokemon":11,"minecraft:wandering_trader":1,"iceandfire:ghost":6,"minecraft:wither_skeleton":4,"minecraft:enderman":4},"minecraft:picked_up":{"cobblemon:leaf_stone":2,"minecraft:wheat":610,"cobblemon:red_apricorn":128,"minecraft:diamond_sword":1,"minecraft:oak_stairs":4,"cobblemon:wepear_berry":21,"minecraft:string":20,"mutantmonsters:mutant_skeleton_skull":2,"minecraft:raw_copper":89,"minecraft:smooth_stone_slab":1,"minecraft:red_nether_bricks":6,"dtbop:jacaranda_seed":9,"biomesoplenty:tall_lavender":1,"minecraft:oak_sign":8,"minecraft:red_sand":68,"minecraft:gold_nugget":2,"minecraft:cobbled_deepslate":304,"biomesoplenty:fir_planks":41,"cobblemon:oran_berry":130,"minecraft:cobblestone_slab":5,"dynamictrees:oak_seed":2,"cobblemon:big_root":1,"cobblemon:quick_ball":8,"minecraft:coal_block":1,"cobblemon:red_mint_leaf":2,"minecraft:furnace":8,"minecraft:stick":102,"minecraft:big_dripleaf":2,"minecraft:oak_fence":1,"minecraft:torch":38,"cobblemon:white_mint_seeds":3,"minecraft:diorite":3,"cobblemon:never_melt_ice":1,"mutantmonsters:mutant_skeleton_pelvis":1,"minecraft:cactus":1,"minecraft:orange_bed":1,"minecraft:stone_sword":1,"minecraft:rotten_flesh":70,"dtbop:fir_seed":7,"mutantmonsters:mutant_skeleton_shoulder_pad":2,"minecraft:blaze_rod":3,"minecraft:cobblestone":195,"biomesoplenty:lavender":15,"minecraft:birch_log":8,"minecraft:magma_block":29,"minecraft:cooked_beef":2,"minecraft:leather_chestplate":1,"cobblemon:great_ball":4,"minecraft:feather":7,"minecraft:lilac":1,"cobblemon:ultra_ball":2,"minecraft:brown_wool":2,"minecraft:potato":1,"cobblemon:razz_berry":29,"biomesoplenty:fir_log":99,"minecraft:flint":2,"minecraft:tuff":34,"cobblemon:bluk_berry":11,"biomesoplenty:fir_stairs":60,"minecraft:lapis_lazuli":140,"megamons:anistarite_geode_block":29,"minecraft:dirt":176,"minecraft:lantern":1,"minecraft:bone":29,"minecraft:wheat_seeds":1814,"minecraft:bow":1,"cobblemon:black_apricorn":18,"minecraft:raw_gold":170,"minecraft:rabbit":2,"minecraft:oak_planks":58,"cobblemon:sun_stone":1,"cobblemon:shiny_stone":2,"minecraft:sand":10,"cobblemon:persim_berry":13,"biomesoplenty:fir_fence":1,"minecraft:nether_brick_stairs":4,"minecraft:grass_block":1,"mutantmonsters:mutant_skeleton_leggings":1,"cobblemon:aspear_berry":46,"minecraft:red_terracotta":25,"minecraft:mossy_cobblestone":19,"megamons:anistarite_rough_geode_block":5,"cobblemon:red_mint_seeds":1,"minecraft:diamond":79,"cobblemon:poke_ball":4,"minecraft:writable_book":1,"minecraft:granite":5,"minecraft:emerald":5,"minecraft:bread":40,"cobblemon:medicinal_leek":1,"minecraft:netherrack":69,"iceandfire:silver_nugget":2,"iceandfire:raw_silver":23,"biomesoplenty:redwood_log":107,"minecraft:crafting_table":17,"minecraft:allium":1,"minecraft:azure_bluet":1,"iceandfire:witherbone":5,"minecraft:chicken":11,"minecraft:leather_leggings":1,"cobblemon:yellow_apricorn":24,"minecraft:brown_mushroom":1,"gravestone:obituary":26,"cobblemon:white_mint_leaf":7,"biomesoplenty:jacaranda_fence":14,"cobblemon:lum_berry":2,"minecraft:white_carpet":3,"minecraft:iron_shovel":1,"minecraft:blackstone":8,"minecraft:cracked_stone_bricks":2,"cobblemon:green_apricorn":4,"minecraft:beef":1,"cobblemon:relic_coin":27,"minecraft:spruce_slab":1,"minecraft:chest":3,"cobblemon:green_apricorn_seed":1,"minecraft:egg":13,"minecraft:raw_iron":261,"minecraft:oak_door":5,"sophisticatedbackpacks:backpack":1,"minecraft:cookie":4,"minecraft:redstone":18,"cobblemon:dawn_stone":1,"miningmaster:spirit_garnet":1,"iceandfire:silver_ingot":1,"minecraft:arrow":14,"biomesoplenty:jacaranda_log":35,"minecraft:peony":1,"minecraft:nether_bricks":93,"mutantmonsters:mutant_skeleton_rib":7,"minecraft:gold_ingot":2,"minecraft:mutton":10,"cobblemon:blue_apricorn":53,"minecraft:white_wool":9,"iceandfire:silver_axe":1,"minecraft:air":0,"minecraft:basalt":9,"minecraft:glow_ink_sac":3,"biomesoplenty:goldenrod":1,"minecraft:leather":2,"minecraft:oak_log":13,"iceandfire:ectoplasm":1,"biomesoplenty:jacaranda_planks":3,"mca:book_romance":1,"mutantmonsters:mutant_skeleton_limb":10,"minecraft:red_nether_brick_stairs":3,"minecraft:kelp":2,"minecraft:red_sandstone":96,"minecraft:rabbit_hide":1,"minecraft:iron_ingot":6,"dynamictrees:birch_seed":3,"minecraft:stone_pickaxe":1,"miningmaster:divine_beryl":1,"minecraft:iron_sword":1,"cobblemon:chilan_berry":1,"cobblemon:red_apricorn_seed":9,"minecraft:scaffolding":1,"minecraft:oak_slab":11,"iceandfire:copper_nugget":14,"cobblemon:black_apricorn_seed":1,"minecraft:quartz":14,"minecraft:cracked_nether_bricks":5,"minecraft:dandelion":1,"cobblemon:blue_apricorn_seed":3,"dtbop:redwood_seed":6,"minecraft:gravel":7,"cobblemon:yellow_apricorn_seed":5,"waterframes:big_tv":1,"minecraft:amethyst_shard":60,"cobblemon:pink_apricorn":5,"minecraft:white_bed":11,"minecraft:nether_brick_slab":4,"dtbop:mahogany_seed":1,"dtbop:yellow_autumn_seed":1,"minecraft:spider_eye":4,"minecraft:leather_helmet":1,"dtbop:maple_seed":3,"miningmaster:ice_sapphire":1,"mutantmonsters:mutant_skeleton_boots":1,"minecraft:coal":215,"minecraft:ender_pearl":2},"minecraft:dropped":{"biomesoplenty:fir_log":32,"sophisticatedbackpacks:iron_backpack":1,"minecraft:brown_mushroom":1,"minecraft:lapis_lazuli":1,"iceandfire:silver_axe":1,"minecraft:red_sandstone":1,"minecraft:leather_helmet":1,"minecraft:dirt":2,"biomesoplenty:redwood_log":12,"cobblemon:poke_ball":46,"gravestone:obituary":70,"minecraft:writable_book":1,"minecraft:amethyst_shard":2,"minecraft:sand":8,"biomesoplenty:fir_fence":1,"cobblemon:red_apricorn":4,"minecraft:bone":14,"minecraft:gravel":1,"minecraft:iron_nugget":16,"minecraft:wheat":1,"minecraft:rotten_flesh":2,"minecraft:oak_planks":17,"cobblemon:black_apricorn":4,"minecraft:azure_bluet":1,"minecraft:recovery_compass":1,"minecraft:leather_chestplate":1,"minecraft:acacia_sapling":2,"minecraft:leather_leggings":1,"minecraft:arrow":9,"minecraft:cracked_nether_bricks":1,"minecraft:quartz":5,"biomesoplenty:fir_button":1,"minecraft:egg":2,"minecraft:iron_ingot":15,"minecraft:bread":83,"minecraft:wheat_seeds":72,"minecraft:lilac":1,"minecraft:diamond_leggings":1,"biomesoplenty:lavender":3,"minecraft:iron_helmet":1,"mutantmonsters:mutant_skeleton_boots":1,"cobblemon:potion":2,"biomesoplenty:jacaranda_planks":47,"minecraft:coal":19,"cobblemon:oran_berry":40,"minecraft:coal_block":1,"mca:book_romance":1,"biomesoplenty:goldenrod":1,"minecraft:diorite":1,"iceandfire:copper_nugget":14,"iceandfire:silver_sword":1,"minecraft:diamond_helmet":1,"minecraft:iron_shovel":1,"minecraft:string":4,"pkgbadges:the_boulder_badge":1,"biomesoplenty:fir_stairs":14,"biomesoplenty:jacaranda_fence":9,"minecraft:dandelion":1,"iceandfire:silver_nugget":2,"miningmaster:spirit_garnet":1,"minecraft:nether_brick_slab":2,"minecraft:kelp":2,"minecraft:stone_sword":1,"cobblemon:lum_berry":1,"minecraft:tuff":1,"minecraft:tall_grass":1,"biomesoplenty:redwood_planks":6,"cobblemon:quick_ball":9,"minecraft:oak_sign":4,"minecraft:diamond_chestplate":1,"minecraft:iron_chestplate":1,"mutantmonsters:mutant_skeleton_leggings":1,"minecraft:wooden_shovel":1,"minecraft:spider_eye":1,"minecraft:diamond_boots":1,"minecraft:stone_pickaxe":2},"minecraft:custom":{"lootr:looted_stat":65,"minecraft:interact_with_crafting_table":107,"minecraft:leave_game":24,"minecraft:time_since_death":51391,"minecraft:sprint_one_cm":3449057,"minecraft:damage_blocked_by_shield":3017,"minecraft:drop":234,"minecraft:talked_to_villager":1,"minecraft:play_time":1210663,"minecraft:deaths":68,"minecraft:jump":17368,"minecraft:walk_on_water_one_cm":93723,"minecraft:interact_with_furnace":128,"minecraft:traded_with_villager":33,"minecraft:sleep_in_bed":50,"minecraft:waystone_activated":3,"minecraft:damage_dealt":35294,"minecraft:player_kills":1,"minecraft:crouch_one_cm":74002,"minecraft:interact_with_smithing_table":1,"minecraft:mob_kills":138,"minecraft:damage_dealt_resisted":88,"minecraft:climb_one_cm":8958,"minecraft:walk_one_cm":2158758,"minecraft:damage_dealt_absorbed":47,"minecraft:sneak_time":31813,"minecraft:walk_under_water_one_cm":74461,"minecraft:total_world_time":1210663,"minecraft:time_since_rest":10465,"minecraft:damage_taken":26330,"minecraft:trigger_trapped_chest":2,"minecraft:swim_one_cm":193986,"minecraft:fly_one_cm":4309075,"minecraft:open_chest":356,"minecraft:fall_one_cm":483793},"minecraft:mined":{"minecraft:large_amethyst_bud":3,"minecraft:white_bed":10,"minecraft:farmland":8,"cobblemon:dawn_stone_ore":1,"minecraft:red_nether_bricks":6,"denseores:dense_deepslate_lapis_ore":11,"megamons:crystal_shiny_stone_ore":1,"minecraft:granite":5,"minecraft:budding_amethyst":1,"minecraft:red_sand":57,"minecraft:grass_block":64,"minecraft:magma_block":38,"minecraft:red_nether_brick_stairs":2,"minecraft:iron_ore":23,"minecraft:cobbled_deepslate":10,"minecraft:fire":33,"biomesoplenty:lavender":13,"minecraft:deepslate_lapis_ore":1,"minecraft:azure_bluet":1,"minecraft:nether_brick_stairs":8,"denseores:dense_deepslate_gold_ore":34,"minecraft:dirt_path":62,"minecraft:small_amethyst_bud":1,"minecraft:oak_stairs":4,"dynamictrees:jungle_undergrowth_leaves":1,"denseores:dense_nether_quartz_ore":3,"minecraft:spruce_slab":1,"minecraft:orange_bed":1,"minecraft:deepslate_redstone_ore":3,"megamons:anistarite_geode_block":34,"minecraft:blackstone":13,"biomesoplenty:jacaranda_planks":3,"minecraft:medium_amethyst_bud":7,"minecraft:amethyst_cluster":14,"cobblemon:leaf_stone_ore":2,"minecraft:torch":10,"minecraft:chest":5,"minecraft:nether_brick_slab":2,"minecraft:glass":1,"minecraft:cobblestone":14,"minecraft:nether_quartz_ore":1,"denseores:dense_coal_ore":17,"minecraft:oak_planks":3,"minecraft:wall_torch":16,"biomesoplenty:goldenrod":2,"cobblemon:red_mint":1,"denseores:dense_deepslate_diamond_ore":32,"minecraft:wheat":721,"minecraft:lilac":2,"minecraft:grass":209,"minecraft:oak_log":1,"cobblemon:white_mint":3,"minecraft:sand":8,"minecraft:dirt":43,"minecraft:netherrack":71,"minecraft:deepslate":279,"minecraft:tuff":29,"miningmaster:deepslate_divine_beryl_ore":1,"iceandfire:silver_ore":23,"minecraft:mossy_cobblestone":20,"cobblemon:shiny_stone_ore":1,"minecraft:deepslate_diamond_ore":2,"biomesoplenty:jacaranda_fence":15,"minecraft:nether_bricks":93,"gravestone:gravestone":58,"minecraft:ladder":1,"biomesoplenty:bush":86,"minecraft:allium":1,"minecraft:soul_campfire":5,"denseores:dense_deepslate_iron_ore":54,"minecraft:cracked_nether_bricks":4,"minecraft:large_fern":1,"denseores:dense_copper_ore":6,"denseores:dense_emerald_ore":2,"dynamictrees:oak_undergrowth_leaves":35,"minecraft:furnace":9,"minecraft:red_sandstone":98,"minecraft:peony":3,"biomesoplenty:fir_stairs":48,"biomesoplenty:high_grass":107,"minecraft:deepslate_iron_ore":21,"minecraft:cobblestone_slab":5,"minecraft:vine":3,"minecraft:stone":123,"dtbop:redwood_leaves":3,"megamons:crystal_leaf_stone_ore":1,"megamons:anistarite_rough_geode_block":7,"waterframes:big_tv":1,"denseores:dense_deepslate_coal_ore":11,"minecraft:basalt":1,"minecraft:dandelion":1,"miningmaster:deepslate_spider_kunzite_ore":1,"minecraft:oak_fence":2,"minecraft:crafting_table":19,"minecraft:emerald_ore":1,"biomesoplenty:fir_planks":45,"minecraft:rose_bush":1,"biomesoplenty:high_grass_plant":98,"minecraft:copper_ore":9,"minecraft:tall_grass":30,"minecraft:lapis_ore":2,"minecraft:deepslate_gold_ore":29,"minecraft:diorite":6,"minecraft:red_terracotta":30,"biomesoplenty:pink_daffodil":3,"miningmaster:deepslate_ice_sapphire_ore":1,"minecraft:coal_ore":122,"minecraft:gravel":6,"minecraft:cobweb":6,"minecraft:cracked_stone_bricks":2,"minecraft:stone_bricks":1,"minecraft:fern":12},"minecraft:killed_by":{"cobblemon:pokemon":4,"mutantmonsters:mutant_zombie":3,"mutantmonsters:mutant_creeper":1,"minecraft:blaze":12,"minecraft:zombie":10,"minecraft:player":1,"minecraft:spider":1,"minecraft:enderman":4,"iceandfire:amphithere":1,"mutantmonsters:mutant_skeleton":4,"minecraft:skeleton":4,"iceandfire:ghost":9,"cave_dweller:cave_dweller":3},"minecraft:crafted":{"minecraft:smooth_stone":2,"minecraft:oak_planks":60,"minecraft:cooked_chicken":6,"cobblemon:potion":2,"minecraft:stone":5,"minecraft:cooked_mutton":10,"iceandfire:armor_copper_metal_boots":1,"minecraft:glass":1,"minecraft:diamond_helmet":2,"minecraft:diamond_leggings":2,"minecraft:iron_boots":1,"cobblemon:super_potion":6,"biomesoplenty:fir_slab":6,"iceandfire:armor_copper_metal_chestplate":2,"minecraft:chest":18,"minecraft:oak_button":2,"minecraft:cooked_rabbit":3,"iceandfire:silver_axe":1,"minecraft:wooden_shovel":1,"sophisticatedbackpacks:backpack":1,"biomesoplenty:jacaranda_planks":112,"minecraft:crafting_table":6,"minecraft:iron_helmet":3,"minecraft:wooden_pickaxe":1,"minecraft:baked_potato":1,"minecraft:copper_ingot":61,"minecraft:birch_planks":8,"biomesoplenty:jacaranda_slab":6,"biomesoplenty:jacaranda_fence":12,"biomesoplenty:fir_planks":256,"cobblemon:poke_ball":112,"cobblemon:quick_ball":44,"minecraft:iron_chestplate":1,"minecraft:diamond_pickaxe":1,"minecraft:shield":2,"minecraft:stick":104,"sophisticatedbackpacks:diamond_backpack":1,"minecraft:iron_ingot":148,"minecraft:iron_pickaxe":1,"minecraft:gold_ingot":73,"iceandfire:silver_sword":1,"biomesoplenty:fir_door":3,"cobblemon:revive":1,"biomesoplenty:fir_stairs":64,"cobblemon:exp_share":1,"minecraft:iron_nugget":252,"minecraft:furnace":2,"iceandfire:armor_copper_metal_leggings":1,"minecraft:flint_and_steel":1,"minecraft:iron_axe":2,"minecraft:iron_hoe":1,"minecraft:stone_pickaxe":1,"minecraft:diamond_boots":2,"sophisticatedbackpacks:iron_backpack":2,"minecraft:cooked_cod":6,"minecraft:diamond_sword":1,"iceandfire:silver_ingot":14,"biomesoplenty:redwood_planks":112,"minecraft:iron_sword":1,"cobblemon:pc":1,"sophisticatedbackpacks:gold_backpack":1,"minecraft:bread":186,"minecraft:air":0,"minecraft:white_wool":1,"minecraft:gold_nugget":72,"minecraft:oak_stairs":4,"minecraft:wooden_axe":1,"minecraft:iron_shovel":2,"minecraft:iron_leggings":1,"biomesoplenty:fir_button":1,"minecraft:white_bed":3,"minecraft:torch":316,"cobblemon:great_ball":28,"minecraft:diamond_chestplate":2},"minecraft:used":{"minecraft:peony":1,"minecraft:beetroot":9,"minecraft:writable_book":1,"minecraft:red_sand":52,"minecraft:iron_shovel":304,"minecraft:chest":19,"minecraft:shield":57,"minecraft:iron_sword":251,"minecraft:rotten_flesh":58,"minecraft:nether_bricks":81,"minecraft:tuff":29,"easy_npc:humanoid_spawn_egg":4,"minecraft:lantern":1,"minecraft:iron_helmet":1,"magnumtorch:diamond_magnum_torch":2,"minecraft:magma_block":25,"minecraft:scaffolding":1,"minecraft:cooked_cod":8,"minecraft:furnace":7,"minecraft:egg":1,"biomesoplenty:jacaranda_fence":17,"minecraft:leather_leggings":1,"minecraft:stone_pickaxe":113,"minecraft:oak_planks":7,"minecraft:blackstone":4,"minecraft:wooden_pickaxe":16,"biomesoplenty:fir_planks":94,"minecraft:cookie":4,"cobblemon:yellow_apricorn_seed":1,"iceandfire:silver_axe":281,"biomesoplenty:jacaranda_planks":49,"minecraft:red_sandstone":126,"iceandfire:armor_copper_metal_chestplate":2,"minecraft:bread":182,"biomesoplenty:fir_stairs":83,"minecraft:gravel":5,"minecraft:diamond_sword":114,"cobblemon:red_apricorn_seed":1,"minecraft:cooked_rabbit":3,"minecraft:stone_sword":9,"minecraft:flint_and_steel":65,"minecraft:wooden_shovel":10,"minecraft:cooked_chicken":6,"dtbop:jacaranda_seed":4,"minecraft:netherrack":71,"minecraft:oak_door":1,"minecraft:orange_bed":1,"minecraft:torch":297,"minecraft:dirt":127,"easy_npc:humanoid_slim_spawn_egg":2,"minecraft:nether_brick_stairs":2,"biomesoplenty:jacaranda_slab":5,"minecraft:granite":5,"minecraft:iron_hoe":193,"minecraft:wooden_axe":13,"minecraft:iron_axe":105,"minecraft:oak_stairs":2,"waterframes:big_tv":2,"cobblemon:pc":1,"minecraft:basalt":4,"minecraft:goat_horn":2,"minecraft:cooked_beef":2,"minecraft:cobbled_deepslate":299,"minecraft:wheat_seeds":912,"minecraft:cooked_mutton":10,"mutantmonsters:mutant_skeleton_leggings":1,"minecraft:baked_potato":1,"minecraft:red_nether_bricks":5,"minecraft:cracked_stone_bricks":2,"minecraft:mossy_cobblestone":7,"biomesoplenty:fir_slab":4,"minecraft:crafting_table":18,"minecraft:birch_sign":1,"cobblemon:black_apricorn_seed":1,"minecraft:white_bed":12,"minecraft:oak_log":2,"minecraft:diamond_pickaxe":1005,"minecraft:apple":3,"minecraft:iron_pickaxe":250,"minecraft:oak_button":1,"minecraft:cobblestone":141,"biomesoplenty:fir_door":3,"cobblemon:blue_apricorn_seed":1}},"DataVersion":3465}