{"stats":{"minecraft:crafted":{"minecraft:iron_boots":1,"minecraft:iron_chestplate":1,"minecraft:shield":1,"minecraft:stick":8,"minecraft:iron_ingot":9,"minecraft:iron_helmet":1,"minecraft:iron_pickaxe":1,"minecraft:iron_sword":1,"minecraft:iron_leggings":1,"minecraft:bucket":1,"minecraft:bread":5},"minecraft:custom":{"minecraft:time_since_rest":625,"minecraft:waystone_activated":1,"minecraft:interact_with_furnace":4,"minecraft:sprint_one_cm":63285,"minecraft:damage_taken":1579,"minecraft:walk_one_cm":98202,"minecraft:damage_dealt":30,"minecraft:swim_one_cm":7623,"minecraft:interact_with_crafting_table":10,"minecraft:talked_to_villager":1,"minecraft:fly_one_cm":28324,"minecraft:open_barrel":36,"minecraft:open_chest":14,"minecraft:play_one_minute":68024,"minecraft:crouch_one_cm":866,"minecraft:interact_with_loom":2,"minecraft:deaths":9,"minecraft:sneak_time":941,"minecraft:walk_under_water_one_cm":875,"minecraft:jump":173,"minecraft:leave_game":3,"minecraft:walk_on_water_one_cm":13596,"minecraft:time_since_death":2894,"minecraft:sleep_in_bed":3,"minecraft:climb_one_cm":4379,"minecraft:fall_one_cm":3229},"minecraft:picked_up":{"cavesandcliffs:raw_iron":30,"minecraft:red_carpet":1,"minecraft:bone":2,"minecraft:arrow":2,"minecraft:iron_block":1,"minecraft:poppy":1,"natural-progression:stone_pebble":4},"minecraft:mined":{"minecraft:iron_ore":21,"minecraft:poppy":1,"natural-progression:stone_pebble":4},"minecraft:killed_by":{"minecraft:skeleton":2,"minecraft:creeper":1,"minecraft:spider":4},"minecraft:used":{"minecraft:red_carpet":1,"natural-progression:bone_pickaxe":21,"natural-progression:stone_pebble":2}},"DataVersion":2586}