{"stats":{"minecraft:mined":{"minecraft:red_carpet":1,"waterframes:big_tv":1,"minecraft:crafting_table":7,"gravestone:gravestone":5,"minecraft:coal_block":5,"minecraft:cobblestone":6,"minecraft:wall_torch":1,"minecraft:furnace":2,"minecraft:iron_ore":1,"minecraft:wheat":63,"biomesoplenty:lavender":1,"minecraft:gray_bed":3,"minecraft:grass":2,"minecraft:oak_log":32,"minecraft:coal_ore":7,"cobblemon:thunder_stone_ore":1,"minecraft:dirt":3,"minecraft:stone":27,"minecraft:redstone_wall_torch":1},"minecraft:picked_up":{"minecraft:wooden_axe":1,"biomesoplenty:lavender":1,"minecraft:crafting_table":7,"minecraft:wheat":65,"minecraft:leather_chestplate":4,"minecraft:flower_pot":1,"minecraft:leather_leggings":5,"minecraft:golden_leggings":2,"minecraft:oak_log":32,"gravestone:obituary":3,"minecraft:gunpowder":2,"minecraft:dirt":4,"minecraft:lantern":1,"minecraft:leather_boots":4,"minecraft:armor_stand":6,"minecraft:experience_bottle":2,"minecraft:red_carpet":1,"minecraft:bone":1,"minecraft:wheat_seeds":181,"cobblemon:thunder_stone":1,"minecraft:redstone_torch":1,"minecraft:bamboo":1,"minecraft:gray_bed":3,"minecraft:coal_block":5,"minecraft:oak_planks":5,"minecraft:furnace":2,"biomesoplenty:toadstool":1,"minecraft:golden_helmet":3,"minecraft:raw_iron":1,"minecraft:torch":3,"minecraft:gravel":2,"waterframes:big_tv":1,"minecraft:leather_helmet":5,"minecraft:sugar":2,"minecraft:arrow":1,"minecraft:rotten_flesh":10,"minecraft:bread":14,"minecraft:coal":8,"minecraft:cobblestone":38,"minecraft:ender_pearl":1},"minecraft:custom":{"lootr:looted_stat":10,"minecraft:interact_with_furnace":15,"minecraft:mob_kills":10,"minecraft:interact_with_crafting_table":15,"minecraft:leave_game":5,"minecraft:time_since_death":13275,"minecraft:sleep_in_bed":3,"minecraft:climb_one_cm":1172,"minecraft:time_since_rest":13443,"minecraft:waystone_activated":1,"minecraft:sprint_one_cm":144875,"minecraft:damage_taken":1569,"minecraft:walk_one_cm":146990,"minecraft:drop":49,"minecraft:damage_dealt":2776,"minecraft:fly_one_cm":111041,"minecraft:open_chest":8,"minecraft:crouch_one_cm":2839,"minecraft:play_time":73722,"minecraft:deaths":2,"minecraft:sneak_time":1236,"minecraft:jump":708,"minecraft:walk_on_water_one_cm":16757,"minecraft:total_world_time":73722,"minecraft:fall_one_cm":19780},"minecraft:crafted":{"minecraft:coal_block":2,"minecraft:cooked_cod":3,"minecraft:oak_planks":128,"minecraft:coal":9,"minecraft:wooden_pickaxe":1,"minecraft:stone_axe":1,"minecraft:bread":36,"minecraft:air":0,"minecraft:stick":36,"minecraft:stone_pickaxe":1,"minecraft:wooden_axe":1,"minecraft:torch":76},"minecraft:killed_by":{"minecraft:zombie":2},"minecraft:dropped":{"easy_npc:easy_npc_wand":1,"minecraft:wheat_seeds":1,"minecraft:golden_helmet":2,"biomesoplenty:lavender":6,"minecraft:cookie":20,"minecraft:oak_planks":50,"easy_npc:move_easy_npc":1,"minecraft:leather_helmet":2,"minecraft:flower_pot":1,"minecraft:wooden_axe":1,"minecraft:golden_leggings":1,"minecraft:leather_leggings":2,"gravestone:obituary":4,"minecraft:birch_sign":1,"biomesoplenty:tall_lavender":1,"minecraft:armor_stand":2},"minecraft:broken":{"minecraft:wooden_pickaxe":1},"minecraft:killed":{"mca:male_zombie_villager":1,"minecraft:witch":1,"minecraft:guardian":1,"minecraft:zombie":6,"minecraft:enderman":1},"minecraft:used":{"minecraft:wheat_seeds":71,"minecraft:armor_stand":4,"minecraft:stone_pickaxe":11,"minecraft:oak_planks":2,"minecraft:wooden_pickaxe":94,"minecraft:cookie":8,"minecraft:torch":49,"minecraft:dirt":4,"minecraft:crafting_table":6,"minecraft:wooden_axe":39,"minecraft:bread":18,"waterframes:big_tv":1,"minecraft:gravel":2,"minecraft:stone_axe":35,"minecraft:red_carpet":1,"minecraft:cobblestone":19,"minecraft:furnace":1,"minecraft:gray_bed":2,"minecraft:experience_bottle":2}},"DataVersion":3465}