{"stats":{"minecraft:custom":{"minecraft:open_barrel":16,"minecraft:time_since_rest":20885,"minecraft:open_chest":7,"minecraft:interact_with_loom":2,"minecraft:waystone_activated":1,"minecraft:play_one_minute":44266,"minecraft:crouch_one_cm":667,"minecraft:interact_with_furnace":3,"minecraft:sprint_one_cm":43324,"minecraft:deaths":7,"minecraft:damage_taken":1319,"minecraft:walk_one_cm":71362,"minecraft:sneak_time":859,"minecraft:walk_under_water_one_cm":812,"minecraft:jump":145,"minecraft:damage_dealt":17,"minecraft:leave_game":1,"minecraft:time_since_death":20849,"minecraft:walk_on_water_one_cm":11268,"minecraft:climb_one_cm":1903,"minecraft:interact_with_crafting_table":7,"minecraft:swim_one_cm":7623,"minecraft:fall_one_cm":2971,"minecraft:fly_one_cm":25173},"minecraft:crafted":{"minecraft:iron_leggings":1,"minecraft:iron_boots":1,"minecraft:iron_chestplate":1,"minecraft:shield":1,"minecraft:stick":8,"minecraft:iron_ingot":9,"minecraft:bread":5,"minecraft:iron_helmet":1},"minecraft:mined":{"natural-progression:stone_pebble":4,"minecraft:iron_ore":21},"minecraft:killed_by":{"minecraft:skeleton":2,"minecraft:creeper":1,"minecraft:spider":4},"minecraft:picked_up":{"minecraft:arrow":2,"minecraft:bone":2,"cavesandcliffs:raw_iron":30,"minecraft:iron_block":1,"natural-progression:stone_pebble":4},"minecraft:used":{"natural-progression:bone_pickaxe":21,"natural-progression:stone_pebble":2}},"DataVersion":2586}