{"stats":{"minecraft:mined":{"minecraft:dandelion":1,"quark:cobbled_deepslate":1,"minecraft:grass_block":2,"minecraft:poppy":1,"natural-progression:stone_pebble":4,"minecraft:furnace":1,"minecraft:iron_ore":21,"minecraft:stone_bricks":1},"minecraft:picked_up":{"tconstruct:seared_bricks":2,"minecraft:crafting_table":1,"minecraft:leather":1,"minecraft:lead":4,"cavesandcliffs:raw_iron":30,"minecraft:dirt":7,"minecraft:red_carpet":1,"minecraft:bone":2,"create:copper_ore":8,"minecraft:stone_bricks":21,"minecraft:poppy":1,"minecraft:coal_block":3,"minecraft:oak_planks":15,"natural-progression:stone_pebble":12,"minecraft:furnace":1,"minecraft:book":3,"legend_sword:glowen_flesh":1,"minecraft:stick":1,"tconstruct:copper_ore":1,"enigmaticlegacy:super_magnet_ring":8,"minecraft:oak_fence":2,"minecraft:dandelion":1,"minecraft:gravel":1,"enigmaticlegacy:enigmatic_amulet":1,"minecraft:porkchop":1,"minecraft:carrot":52,"cavesandcliffs:copper_ingot":1,"quark:cobbled_deepslate":1,"minecraft:arrow":2,"minecraft:rotten_flesh":42,"minecraft:slime_ball":3,"minecraft:iron_block":1,"minecraft:cobblestone":31,"minecraft:diamond_pickaxe":1},"minecraft:killed_by":{"minecraft:skeleton":2,"minecraft:creeper":1,"minecraft:spider":4,"wyrmroost:alpine":1},"minecraft:crafted":{"minecraft:iron_helmet":1,"minecraft:iron_sword":1,"minecraft:bucket":1,"minecraft:bread":5,"minecraft:iron_boots":1,"minecraft:iron_chestplate":1,"minecraft:shield":1,"minecraft:stick":8,"minecraft:iron_ingot":9,"minecraft:iron_pickaxe":1,"minecraft:iron_leggings":1},"minecraft:dropped":{"minecraft:oak_fence":1,"minecraft:cobblestone":9,"enigmaticlegacy:super_magnet_ring":8,"minecraft:carrot":1,"minecraft:dirt":1},"minecraft:custom":{"lootr:looted_stat":2,"minecraft:interact_with_furnace":4,"minecraft:mob_kills":11,"minecraft:interact_with_crafting_table":10,"minecraft:open_barrel":38,"minecraft:play_one_minute":171301,"minecraft:interact_with_loom":2,"minecraft:leave_game":5,"minecraft:time_since_death":100625,"minecraft:sleep_in_bed":4,"minecraft:climb_one_cm":11489,"minecraft:time_since_rest":32060,"minecraft:waystone_activated":1,"minecraft:sprint_one_cm":152874,"minecraft:damage_taken":2471,"minecraft:walk_one_cm":268434,"minecraft:drop":20,"minecraft:damage_dealt":2058,"minecraft:swim_one_cm":7623,"minecraft:talked_to_villager":1,"minecraft:fly_one_cm":103112,"minecraft:player_kills":1,"minecraft:open_chest":19,"minecraft:crouch_one_cm":7393,"minecraft:deaths":10,"minecraft:sneak_time":2657,"minecraft:walk_under_water_one_cm":3665,"minecraft:jump":691,"minecraft:walk_on_water_one_cm":20497,"minecraft:fall_one_cm":16147},"minecraft:used":{"quark:cobbled_deepslate":1,"minecraft:oak_planks":1,"minecraft:iron_sword":82,"minecraft:dirt":1,"minecraft:carrot":18,"minecraft:diamond_pickaxe":2,"minecraft:bread":3,"minecraft:iron_pickaxe":1,"minecraft:red_carpet":1,"minecraft:cobblestone":7,"natural-progression:bone_pickaxe":21,"minecraft:porkchop":1,"minecraft:dandelion":1,"natural-progression:stone_pebble":2},"minecraft:killed":{"minecraft:zombie":8}},"DataVersion":2586}