{"stats":{"minecraft:mined":{"minecraft:red_carpet":1,"iceandfire:silver_ore":1,"waterframes:big_tv":1,"minecraft:crafting_table":8,"gravestone:gravestone":8,"denseores:dense_lapis_ore":2,"minecraft:coal_block":5,"minecraft:tall_grass":1,"minecraft:cobblestone":7,"minecraft:wall_torch":1,"minecraft:furnace":2,"minecraft:iron_ore":2,"minecraft:wheat":63,"biomesoplenty:lavender":1,"minecraft:gray_bed":4,"minecraft:andesite":1,"minecraft:grass":3,"minecraft:oak_log":32,"minecraft:coal_ore":7,"cobblemon:thunder_stone_ore":1,"minecraft:gravel":2,"minecraft:dirt":3,"cobblemon:sun_stone_ore":3,"minecraft:stone":46,"minecraft:redstone_wall_torch":1},"minecraft:picked_up":{"minecraft:wooden_axe":1,"biomesoplenty:lavender":1,"minecraft:crafting_table":8,"minecraft:wheat":65,"minecraft:leather_chestplate":4,"minecraft:flower_pot":1,"minecraft:leather_leggings":5,"minecraft:golden_leggings":2,"minecraft:flint":1,"minecraft:oak_log":32,"gravestone:obituary":3,"minecraft:gunpowder":4,"minecraft:lapis_lazuli":23,"minecraft:dirt":4,"minecraft:lantern":1,"minecraft:leather_boots":4,"minecraft:armor_stand":6,"minecraft:experience_bottle":2,"minecraft:red_carpet":1,"minecraft:bone":1,"minecraft:wheat_seeds":182,"cobblemon:thunder_stone":1,"minecraft:redstone_torch":1,"minecraft:bamboo":1,"minecraft:gray_bed":4,"minecraft:coal_block":5,"minecraft:oak_planks":5,"minecraft:furnace":2,"biomesoplenty:toadstool":1,"minecraft:golden_helmet":3,"cobblemon:sun_stone":3,"minecraft:raw_iron":2,"minecraft:torch":3,"minecraft:gravel":3,"waterframes:big_tv":1,"minecraft:leather_helmet":5,"minecraft:sugar":6,"minecraft:arrow":1,"minecraft:rotten_flesh":12,"minecraft:bread":14,"iceandfire:raw_silver":1,"minecraft:coal":8,"minecraft:cobblestone":53,"minecraft:ender_pearl":1},"minecraft:custom":{"lootr:looted_stat":10,"minecraft:interact_with_furnace":15,"minecraft:mob_kills":11,"minecraft:interact_with_crafting_table":16,"minecraft:leave_game":5,"minecraft:time_since_death":1051,"minecraft:sleep_in_bed":4,"minecraft:climb_one_cm":1172,"minecraft:time_since_rest":1082,"minecraft:waystone_activated":1,"minecraft:sprint_one_cm":194749,"minecraft:damage_taken":2551,"minecraft:walk_one_cm":186350,"minecraft:drop":62,"minecraft:damage_dealt":3156,"minecraft:fly_one_cm":163893,"minecraft:open_chest":9,"minecraft:crouch_one_cm":3651,"minecraft:play_time":85722,"minecraft:deaths":5,"minecraft:sneak_time":1568,"minecraft:jump":1014,"minecraft:walk_on_water_one_cm":17483,"minecraft:total_world_time":85722,"minecraft:fall_one_cm":24621},"minecraft:crafted":{"minecraft:coal_block":2,"minecraft:cooked_cod":3,"minecraft:oak_planks":128,"minecraft:coal":63,"minecraft:wooden_pickaxe":1,"minecraft:stone_axe":1,"minecraft:bread":36,"minecraft:air":0,"minecraft:stick":36,"minecraft:stone_pickaxe":1,"minecraft:wooden_axe":1,"minecraft:torch":112},"minecraft:killed_by":{"mutantmonsters:mutant_skeleton":3,"minecraft:zombie":2},"minecraft:dropped":{"easy_npc:easy_npc_wand":1,"minecraft:wheat_seeds":1,"minecraft:golden_helmet":2,"cobblemon:sun_stone":1,"biomesoplenty:lavender":6,"minecraft:cookie":20,"minecraft:lantern":1,"minecraft:oak_planks":50,"easy_npc:move_easy_npc":1,"minecraft:leather_helmet":2,"minecraft:flower_pot":1,"minecraft:gunpowder":2,"minecraft:wooden_axe":1,"minecraft:golden_leggings":1,"minecraft:redstone_torch":1,"minecraft:leather_leggings":2,"gravestone:obituary":10,"minecraft:birch_sign":1,"minecraft:sugar":4,"biomesoplenty:tall_lavender":1,"minecraft:bone":1,"minecraft:armor_stand":2},"minecraft:broken":{"minecraft:wooden_pickaxe":1},"minecraft:killed":{"mca:male_zombie_villager":1,"minecraft:witch":1,"mutantmonsters:mutant_skeleton":1,"minecraft:guardian":1,"minecraft:zombie":6,"minecraft:enderman":1},"minecraft:used":{"minecraft:wheat_seeds":71,"minecraft:armor_stand":4,"minecraft:stone_pickaxe":39,"minecraft:oak_planks":2,"minecraft:wooden_pickaxe":94,"minecraft:cookie":8,"minecraft:torch":97,"minecraft:dirt":4,"minecraft:crafting_table":7,"minecraft:wooden_axe":40,"minecraft:bread":21,"waterframes:big_tv":1,"minecraft:gravel":3,"minecraft:stone_axe":39,"minecraft:red_carpet":1,"minecraft:cobblestone":37,"minecraft:furnace":1,"minecraft:gray_bed":3,"minecraft:experience_bottle":2}},"DataVersion":3465}