{"stats":{"minecraft:mined":{"minecraft:red_carpet":1,"minecraft:furnace":1,"minecraft:gray_bed":1,"minecraft:crafting_table":3,"gravestone:gravestone":1,"minecraft:grass":1,"minecraft:oak_log":32,"minecraft:dirt":2,"minecraft:coal_block":2,"minecraft:redstone_wall_torch":1},"minecraft:picked_up":{"minecraft:golden_helmet":2,"minecraft:leather_chestplate":4,"minecraft:crafting_table":3,"minecraft:flower_pot":1,"minecraft:leather_leggings":4,"minecraft:golden_leggings":2,"minecraft:oak_log":32,"gravestone:obituary":1,"minecraft:experience_bottle":2,"minecraft:dirt":2,"minecraft:leather_helmet":4,"minecraft:armor_stand":6,"minecraft:leather_boots":4,"minecraft:red_carpet":1,"minecraft:bone":1,"minecraft:arrow":1,"minecraft:rotten_flesh":4,"minecraft:wheat_seeds":1,"minecraft:redstone_torch":1,"minecraft:bread":14,"minecraft:bamboo":1,"minecraft:coal_block":2,"minecraft:gray_bed":1,"minecraft:oak_planks":5,"minecraft:furnace":1},"minecraft:custom":{"minecraft:time_since_rest":5996,"minecraft:waystone_activated":1,"lootr:looted_stat":5,"minecraft:sprint_one_cm":38040,"minecraft:damage_taken":505,"minecraft:walk_one_cm":50946,"minecraft:mob_kills":1,"minecraft:drop":30,"minecraft:damage_dealt":213,"minecraft:interact_with_crafting_table":4,"minecraft:fly_one_cm":23914,"minecraft:open_chest":5,"minecraft:crouch_one_cm":42,"minecraft:play_time":26317,"minecraft:deaths":1,"minecraft:sneak_time":17,"minecraft:jump":116,"minecraft:leave_game":3,"minecraft:time_since_death":5690,"minecraft:sleep_in_bed":2,"minecraft:climb_one_cm":552,"minecraft:total_world_time":26317,"minecraft:fall_one_cm":3909},"minecraft:crafted":{"minecraft:oak_planks":128,"minecraft:stick":16,"minecraft:wooden_pickaxe":1,"minecraft:wooden_axe":1},"minecraft:killed_by":{"minecraft:zombie":1},"minecraft:dropped":{"minecraft:flower_pot":1,"minecraft:wheat_seeds":1,"minecraft:golden_helmet":1,"minecraft:leather_leggings":1,"minecraft:golden_leggings":1,"minecraft:oak_planks":50,"minecraft:cookie":20,"gravestone:obituary":1,"minecraft:leather_helmet":1},"minecraft:killed":{"minecraft:zombie":1},"minecraft:used":{"minecraft:wooden_axe":35,"minecraft:armor_stand":4,"minecraft:bread":2,"minecraft:wooden_pickaxe":13,"minecraft:cookie":8,"minecraft:red_carpet":1,"minecraft:crafting_table":2,"minecraft:experience_bottle":2}},"DataVersion":3465}