{"stats":{"minecraft:mined":{"minecraft:red_carpet":1,"waterframes:big_tv":1,"minecraft:crafting_table":5,"gravestone:gravestone":4,"minecraft:coal_block":5,"minecraft:furnace":2,"minecraft:wheat":63,"biomesoplenty:lavender":1,"minecraft:gray_bed":3,"minecraft:grass":2,"minecraft:oak_log":32,"minecraft:dirt":2,"minecraft:redstone_wall_torch":1},"minecraft:picked_up":{"biomesoplenty:lavender":1,"minecraft:crafting_table":5,"minecraft:leather_chestplate":4,"minecraft:wheat":65,"minecraft:flower_pot":1,"minecraft:leather_leggings":5,"minecraft:golden_leggings":2,"minecraft:oak_log":32,"gravestone:obituary":1,"minecraft:dirt":2,"minecraft:lantern":1,"minecraft:leather_boots":4,"minecraft:armor_stand":6,"minecraft:bone":1,"minecraft:red_carpet":1,"minecraft:experience_bottle":2,"minecraft:wheat_seeds":181,"minecraft:redstone_torch":1,"minecraft:bamboo":1,"minecraft:gray_bed":3,"minecraft:coal_block":5,"minecraft:oak_planks":5,"minecraft:furnace":2,"biomesoplenty:toadstool":1,"minecraft:golden_helmet":3,"waterframes:big_tv":1,"minecraft:leather_helmet":5,"minecraft:arrow":1,"minecraft:rotten_flesh":4,"minecraft:bread":14},"minecraft:custom":{"lootr:looted_stat":10,"minecraft:interact_with_furnace":15,"minecraft:mob_kills":1,"minecraft:interact_with_crafting_table":8,"minecraft:leave_game":3,"minecraft:time_since_death":29690,"minecraft:sleep_in_bed":3,"minecraft:climb_one_cm":1172,"minecraft:time_since_rest":7274,"minecraft:waystone_activated":1,"minecraft:sprint_one_cm":88055,"minecraft:damage_taken":565,"minecraft:walk_one_cm":95508,"minecraft:drop":47,"minecraft:damage_dealt":213,"minecraft:fly_one_cm":71661,"minecraft:open_chest":8,"minecraft:crouch_one_cm":232,"minecraft:play_time":50317,"minecraft:deaths":1,"minecraft:sneak_time":79,"minecraft:jump":340,"minecraft:walk_on_water_one_cm":303,"minecraft:total_world_time":50317,"minecraft:fall_one_cm":9083},"minecraft:crafted":{"minecraft:coal_block":2,"minecraft:cooked_cod":3,"minecraft:oak_planks":128,"minecraft:wooden_pickaxe":1,"minecraft:bread":36,"minecraft:air":0,"minecraft:stick":16,"minecraft:wooden_axe":1},"minecraft:killed_by":{"minecraft:zombie":1},"minecraft:dropped":{"easy_npc:easy_npc_wand":1,"minecraft:wheat_seeds":1,"minecraft:golden_helmet":2,"biomesoplenty:lavender":6,"minecraft:cookie":20,"minecraft:oak_planks":50,"easy_npc:move_easy_npc":1,"minecraft:leather_helmet":2,"minecraft:flower_pot":1,"minecraft:golden_leggings":1,"minecraft:leather_leggings":2,"gravestone:obituary":3,"minecraft:birch_sign":1,"biomesoplenty:tall_lavender":1,"minecraft:armor_stand":2},"minecraft:killed":{"minecraft:zombie":1},"minecraft:used":{"minecraft:wheat_seeds":71,"minecraft:armor_stand":4,"minecraft:oak_planks":2,"minecraft:wooden_pickaxe":63,"minecraft:cookie":8,"minecraft:dirt":2,"minecraft:crafting_table":4,"minecraft:wooden_axe":37,"minecraft:bread":6,"waterframes:big_tv":1,"minecraft:red_carpet":1,"minecraft:furnace":1,"minecraft:gray_bed":2,"minecraft:experience_bottle":2}},"DataVersion":3465}