{
  "uuid": "1a6c12b9-4f85-3eee-8036-dcb2621c249d",
  "starterPrompted": true,
  "starterLocked": false,
  "starterSelected": true,
  "starterUUID": "f393b393-fd21-4523-8126-ad756b2c8b86",
  "keyItems": [],
  "battleTheme": "cobblemon:battle.pvp.default",
  "extraData": {},
  "advancementData": {
    "totalCaptureCount": 8,
    "totalEggsHatched": 0,
    "totalEvolvedCount": 3,
    "totalBattleVictoryCount": 34,
    "totalPvPBattleVictoryCount": 0,
    "totalPvWBattleVictoryCount": 32,
    "totalPvNBattleVictoryCount": 2,
    "totalShinyCaptureCount": 0,
    "totalTradedCount": 0,
    "totalTypeCaptureCounts": {
      "fighting": 1,
      "fairy": 1,
      "steel": 1,
      "ice": 1,
      "ground": 1,
      "poison": 1,
      "fire": 1,
      "electric": 1,
      "grass": 1,
      "normal": 1,
      "water": 1
    },
    "totalDefeatedCounts": {
      "cobblemon:wooloo": 3,
      "cobblemon:pidgey": 1,
      "cobblemon:caterpie": 2,
      "cobblemon:growlithe": 2,
      "cobblemon:igglybuff": 1,
      "cobblemon:vulpix": 1,
      "cobblemon:zigzagoon": 1,
      "cobblemon:salandit": 4,
      "cobblemon:geodude": 2,
      "cobblemon:sizzlipede": 1,
      "cobblemon:rattata": 1,
      "cobblemon:numel": 2,
      "cobblemon:magby": 1,
      "cobblemon:patrat": 1,
      "cobblemon:watchog": 1
    },
    "aspectsCollected": {}
  }
}