{
  "uuid": "1a6c12b9-4f85-3eee-8036-dcb2621c249d",
  "starterPrompted": true,
  "starterLocked": false,
  "starterSelected": true,
  "starterUUID": "f393b393-fd21-4523-8126-ad756b2c8b86",
  "keyItems": [],
  "battleTheme": "cobblemon:battle.pvp.default",
  "extraData": {},
  "advancementData": {
    "totalCaptureCount": 0,
    "totalEggsHatched": 0,
    "totalEvolvedCount": 0,
    "totalBattleVictoryCount": 7,
    "totalPvPBattleVictoryCount": 0,
    "totalPvWBattleVictoryCount": 7,
    "totalPvNBattleVictoryCount": 0,
    "totalShinyCaptureCount": 0,
    "totalTradedCount": 0,
    "totalTypeCaptureCounts": {},
    "totalDefeatedCounts": {
      "cobblemon:wooloo": 1,
      "cobblemon:pidgey": 1,
      "cobblemon:caterpie": 2,
      "cobblemon:growlithe": 1,
      "cobblemon:igglybuff": 1,
      "cobblemon:vulpix": 1
    },
    "aspectsCollected": {}
  }
}