{
  "uuid": "1a6c12b9-4f85-3eee-8036-dcb2621c249d",
  "starterPrompted": true,
  "starterLocked": false,
  "starterSelected": true,
  "starterUUID": "f393b393-fd21-4523-8126-ad756b2c8b86",
  "keyItems": [],
  "battleTheme": "cobblemon:battle.pvp.default",
  "extraData": {},
  "advancementData": {
    "totalCaptureCount": 1,
    "totalEggsHatched": 0,
    "totalEvolvedCount": 1,
    "totalBattleVictoryCount": 16,
    "totalPvPBattleVictoryCount": 0,
    "totalPvWBattleVictoryCount": 16,
    "totalPvNBattleVictoryCount": 0,
    "totalShinyCaptureCount": 0,
    "totalTradedCount": 0,
    "totalTypeCaptureCounts": {
      "fighting": 1
    },
    "totalDefeatedCounts": {
      "cobblemon:wooloo": 2,
      "cobblemon:pidgey": 1,
      "cobblemon:caterpie": 2,
      "cobblemon:growlithe": 2,
      "cobblemon:igglybuff": 1,
      "cobblemon:vulpix": 1,
      "cobblemon:zigzagoon": 1,
      "cobblemon:salandit": 1,
      "cobblemon:geodude": 2,
      "cobblemon:sizzlipede": 1,
      "cobblemon:rattata": 1
    },
    "aspectsCollected": {}
  }
}